Consumer_Lifecycle_Status_Key,Consumer_Key,Consumer_Lifecycle_Status_Code_Key,Consumer_Lifecycle_Status_Record_Valid_From_Date,Consumer_Lifecycle_Status_Record_Valid_To_Date,Consumer_Lifecycle_Status_Current_Record_Indicator,Consumer_Lifecycle_Status_Record_Created_Timestamp,Consumer_Lifecycle_Status_Record_Modified_Timestamp
0,1701,1,2023-01-10,2026-06-15,1,2023-04-17 10:59:36.607716,2023-06-06 07:10:20.446818
0,23735,4,2022-07-03,2026-11-20,1,2021-12-15 06:53:14.313709,2022-08-21 20:32:50.291548
0,35873,2,2022-10-09,2025-12-27,1,2023-04-25 06:29:11.023572,2023-12-06 08:28:40.229324
0,43076,2,2021-03-19,2026-07-10,1,2023-01-21 11:02:13.925816,2023-03-03 02:49:32.720928
0,43219,6,2023-01-03,2025-10-12,1,2023-02-07 00:20:59.014833,2023-04-06 00:41:13.721115
0,48349,2,2023-01-01,2025-03-05,1,2023-05-23 20:52:59.178919,2023-10-31 13:38:49.203014
0,50710,2,2022-01-13,2025-12-22,1,2021-03-17 01:39:10.402625,2022-07-17 11:26:52.876779
0,52774,1,2022-12-16,2026-06-05,1,2023-02-16 04:14:36.828712,2023-08-27 22:03:55.963201
0,71603,2,2022-08-03,2025-03-25,1,2023-04-02 07:37:46.455168,2023-11-25 20:10:03.620635
0,79415,1,2022-07-03,2025-07-31,1,2023-03-18 18:59:37.488937,2023-12-05 07:14:17.667804
0,79470,2,2022-07-31,2026-01-09,1,2023-09-02 08:33:43.180331,2023-12-27 21:07:08.015511
0,81071,1,2021-04-10,2026-01-29,1,2022-11-07 19:51:22.222583,2023-02-09 12:31:33.130311
0,101757,6,2021-10-09,2025-04-25,1,2022-05-19 19:11:33.817465,2024-01-16 14:09:13.780045
0,103119,3,2021-11-01,2027-01-08,1,2023-02-13 08:03:30.642664,2023-04-20 02:02:46.939413
0,109751,6,2022-07-22,2026-08-07,1,2023-04-29 17:10:36.434941,2023-06-30 03:56:01.009903
0,120461,2,2021-05-10,2026-07-02,1,2023-02-22 01:39:35.962817,2023-11-12 10:59:52.671795
0,127543,2,2021-05-02,2026-11-26,1,2021-03-12 12:45:59.895573,2023-09-22 23:05:54.510739
0,131637,2,2021-11-14,2025-03-09,1,2023-03-10 11:44:56.213407,2023-11-09 02:23:36.194729
0,133033,3,2022-09-08,2025-03-12,1,2022-05-30 23:46:45.738685,2023-12-15 22:46:04.925994
0,139259,6,2021-11-10,2026-01-23,1,2023-05-31 11:59:18.836749,2023-09-27 06:33:00.761071
0,154542,2,2021-06-17,2026-01-28,1,2022-12-21 13:03:16.148782,2023-08-02 09:38:23.223736
0,158770,1,2021-05-10,2025-03-13,1,2023-05-09 09:06:49.728006,2023-07-08 07:25:57.812951
0,170288,3,2022-03-08,2025-09-25,1,2023-03-06 17:38:18.698046,2023-07-19 15:13:34.240599
0,173327,2,2023-01-01,2026-02-15,1,2022-07-12 13:43:36.771276,2023-03-18 14:08:19.751289
0,185736,1,2023-01-03,2026-05-12,1,2022-07-31 11:25:29.969053,2023-08-03 08:11:56.661790
0,187981,2,2022-05-01,2025-08-04,1,2022-11-07 16:05:42.771977,2022-12-13 14:33:30.568492
0,189773,2,2021-02-16,2025-10-09,1,2021-12-24 03:04:21.062198,2023-01-30 05:19:58.853155
0,196380,1,2022-06-30,2026-05-01,1,2021-04-23 07:26:12.137378,2021-12-02 17:36:07.529895
0,210176,1,2021-02-23,2025-03-19,1,2022-03-16 07:48:50.356370,2023-10-19 07:10:10.105316
0,214112,1,2022-10-29,2026-11-26,1,2021-11-26 19:14:01.385010,2024-01-30 16:09:01.958065
0,219917,2,2021-06-14,2025-09-14,1,2021-07-08 05:00:21.223203,2023-10-09 20:09:19.761266
0,221983,6,2022-02-15,2025-03-04,1,2021-11-21 03:45:28.988938,2022-09-11 04:46:32.224751
0,224727,2,2022-08-23,2026-12-14,1,2022-03-31 22:57:12.974592,2022-04-20 23:36:04.933279
0,235732,6,2021-06-20,2026-05-10,1,2023-04-07 03:04:42.290894,2023-06-10 16:51:51.309857
0,252364,6,2022-11-21,2025-03-10,1,2023-07-28 09:00:49.136230,2023-11-30 11:03:13.952418
0,262515,2,2022-05-28,2025-08-09,1,2021-07-06 06:35:44.442059,2023-11-15 21:58:51.536626
0,285114,6,2021-12-16,2025-08-27,1,2023-09-13 18:45:37.700792,2023-11-23 08:37:03.435638
0,285468,2,2022-10-25,2026-08-23,1,2023-08-01 16:36:40.315256,2024-02-04 06:36:12.623431
0,314962,1,2023-01-09,2025-05-26,1,2022-02-27 11:51:06.258893,2023-01-29 02:00:22.418975
0,320723,6,2021-05-10,2025-10-29,1,2021-03-15 18:08:11.826359,2022-12-05 09:20:46.794961
0,320975,3,2022-11-30,2025-04-13,1,2021-10-24 21:44:05.252469,2023-05-22 05:43:32.591670
0,323577,2,2022-02-25,2025-07-26,1,2023-01-26 21:48:50.258286,2023-10-23 07:36:53.932255
0,325767,2,2022-05-04,2026-10-30,1,2022-03-20 03:39:31.909008,2023-07-12 17:12:33.171661
0,334135,2,2023-01-17,2025-05-29,1,2022-04-30 01:51:58.036379,2023-12-09 03:26:44.599631
0,343462,2,2022-07-13,2026-02-18,1,2021-10-29 01:11:07.631190,2023-05-02 02:34:20.060747
0,376051,1,2022-09-07,2026-04-08,1,2021-07-16 19:03:59.499787,2022-10-11 23:25:50.079772
0,389073,3,2022-12-05,2025-09-03,1,2021-06-23 11:23:07.638620,2024-02-13 00:44:04.658326
0,393783,2,2021-12-11,2026-12-25,1,2021-10-26 09:08:26.199533,2023-03-26 11:09:56.245456
0,425033,2,2021-11-29,2026-04-03,1,2023-06-15 06:52:58.574780,2024-02-01 07:22:54.229007
0,439650,2,2022-03-28,2025-02-18,1,2023-06-02 07:55:58.336310,2023-06-15 13:29:13.665449
0,442930,2,2022-02-15,2025-12-06,1,2021-09-27 10:47:22.694256,2021-11-07 17:30:39.228101
0,462074,2,2021-09-02,2025-08-21,1,2022-10-25 02:11:37.155110,2023-09-03 18:39:38.992029
0,463915,2,2022-12-03,2025-11-09,1,2022-08-09 16:54:54.283790,2023-09-21 22:29:27.563525
0,468553,6,2022-02-04,2026-10-02,1,2021-06-06 03:12:55.852781,2023-10-24 05:06:00.803900
0,540059,2,2022-06-13,2025-05-26,1,2021-03-16 01:45:37.368044,2023-09-26 22:38:10.706804
0,540436,1,2021-05-24,2025-08-22,1,2023-09-26 03:01:14.222899,2023-10-01 09:10:09.824490
0,550584,2,2021-03-26,2025-04-05,1,2022-07-01 02:42:10.214189,2023-05-17 10:48:10.942231
0,570161,6,2022-02-23,2026-12-06,1,2021-07-03 22:10:19.951734,2021-07-14 10:57:19.482028
0,581470,2,2022-06-18,2025-02-18,1,2022-06-16 01:01:57.941070,2023-03-26 20:01:11.638244
0,585220,2,2022-02-24,2026-02-24,1,2022-12-09 06:25:37.934287,2023-01-13 18:29:19.014564
0,596803,2,2022-11-10,2025-05-28,1,2023-10-08 14:11:49.457974,2023-11-16 22:30:09.673155
0,596943,3,2021-05-18,2026-03-19,1,2023-09-07 00:29:17.298284,2023-09-13 14:35:11.001433
0,612864,1,2022-05-22,2025-08-04,1,2023-09-10 14:08:13.333852,2023-10-08 14:27:44.607681
0,613089,2,2021-11-03,2025-07-12,1,2023-05-03 22:31:21.504237,2023-07-20 11:59:55.064070
0,616319,3,2022-06-01,2025-10-02,1,2022-05-03 09:48:00.951856,2023-05-26 23:50:45.448481
0,623007,2,2022-10-12,2026-12-24,1,2021-05-19 03:20:56.767309,2021-11-13 12:17:27.528194
0,630776,2,2022-12-07,2025-09-09,1,2021-11-30 22:10:01.632171,2022-11-10 23:13:07.634408
0,650568,2,2022-10-21,2026-02-05,1,2023-11-11 21:27:03.278595,2024-01-04 17:03:17.656432
0,670520,1,2022-10-25,2026-11-04,1,2023-12-17 02:21:31.548986,2024-02-01 06:55:56.683502
0,673617,2,2021-07-31,2026-10-19,1,2021-10-29 05:12:12.142905,2021-12-31 15:54:07.667639
0,674348,2,2021-10-02,2025-02-27,1,2022-07-30 02:10:18.352488,2023-09-24 07:22:18.830155
0,674719,2,2021-09-11,2025-05-16,1,2021-08-02 14:53:55.746385,2023-04-03 20:17:22.617631
0,684877,6,2022-09-24,2026-02-14,1,2024-01-13 19:49:30.512539,2024-02-10 03:26:22.245781
0,689048,2,2021-06-13,2026-10-02,1,2023-01-10 08:18:22.369010,2023-03-15 12:48:02.512073
0,689515,2,2021-03-14,2025-06-22,1,2022-12-17 07:48:42.008671,2023-12-20 19:20:16.281540
0,695110,6,2022-12-02,2026-01-04,1,2023-12-09 02:25:18.557786,2024-02-02 12:37:13.719830
0,699155,1,2022-02-16,2025-04-11,1,2022-03-18 23:33:39.826511,2022-08-28 05:16:59.373909
0,702248,6,2021-04-04,2025-04-23,1,2022-02-11 22:42:03.786899,2022-10-24 14:00:23.508647
0,745786,2,2022-03-09,2026-10-19,1,2021-07-16 09:41:48.614116,2023-01-14 10:15:27.315150
0,746029,1,2021-03-20,2026-07-29,1,2022-07-13 18:27:39.492268,2022-11-27 19:40:33.723482
0,749797,3,2021-06-24,2026-04-25,1,2022-11-02 11:09:51.425187,2024-01-18 09:51:19.142492
0,750442,1,2023-01-23,2026-10-25,1,2023-07-28 03:44:42.767200,2023-10-22 07:16:44.329938
0,764718,3,2021-12-24,2026-07-05,1,2023-10-14 10:31:41.028694,2023-10-23 19:41:49.432473
0,764833,2,2022-05-19,2025-05-10,1,2021-07-11 22:05:34.887656,2023-06-02 18:08:44.789598
0,779151,1,2021-09-20,2026-02-28,1,2021-04-23 01:26:06.752072,2022-09-09 06:31:15.758305
0,786018,2,2022-10-27,2025-04-09,1,2023-05-15 12:54:32.099820,2023-08-07 20:35:42.528412
0,792208,2,2022-02-19,2025-07-17,1,2021-04-04 09:11:35.912598,2022-07-13 04:10:28.241376
0,800415,2,2022-07-27,2025-10-01,1,2021-05-02 19:03:32.352707,2022-10-25 21:18:57.123223
0,817753,2,2022-10-03,2026-09-09,1,2023-12-06 08:42:39.078894,2024-01-06 11:47:14.406465
0,839766,2,2022-09-19,2025-07-21,1,2022-12-22 05:23:46.907266,2023-11-19 01:08:34.354717
0,846123,2,2022-02-06,2026-10-25,1,2021-04-25 07:34:24.849467,2021-10-15 19:01:40.594178
0,846593,6,2022-09-09,2026-03-14,1,2022-05-29 20:19:34.821927,2023-11-18 12:23:33.249067
0,847142,2,2022-03-14,2025-09-20,1,2021-12-24 10:57:53.420174,2023-07-20 19:28:09.728019
0,847405,1,2022-11-27,2025-08-11,1,2023-05-20 07:30:46.771066,2023-12-01 12:22:11.677721
0,852644,6,2021-02-17,2026-02-21,1,2022-10-13 14:58:45.397463,2023-02-08 04:37:35.247933
0,852770,2,2021-10-30,2025-03-07,1,2023-05-07 07:20:01.334280,2023-12-06 16:01:42.001243
0,863410,2,2022-09-24,2025-09-30,1,2023-03-12 00:18:58.809475,2024-02-02 03:16:37.664495
0,864498,1,2021-07-12,2026-02-21,1,2023-10-18 12:26:50.362800,2023-11-18 15:46:34.576831
0,877436,1,2021-10-16,2025-04-18,1,2022-03-01 05:38:59.584609,2022-07-21 23:10:53.062835
0,882197,3,2021-03-03,2025-04-08,1,2022-10-16 23:46:22.427444,2023-05-31 06:01:16.747925
0,891813,2,2022-11-01,2025-07-09,1,2022-06-20 04:06:35.583567,2022-10-22 13:48:49.254172
0,893301,1,2022-06-06,2025-11-30,1,2021-06-06 07:09:58.631913,2022-08-24 07:13:09.949939
0,908835,6,2022-03-15,2026-05-02,1,2023-04-17 19:21:51.627867,2023-08-31 02:22:28.155373
0,909281,2,2021-08-06,2025-03-27,1,2021-11-13 10:34:04.692652,2022-07-26 23:59:53.652521
0,922878,6,2021-04-13,2025-12-06,1,2023-02-27 23:59:35.598915,2023-10-13 06:02:45.318098
0,923339,2,2021-12-14,2025-04-20,1,2021-03-10 21:56:06.013347,2023-02-08 03:43:21.554389
0,934212,2,2022-08-26,2026-09-30,1,2023-09-06 19:19:40.334905,2023-12-29 12:54:58.067318
0,938558,2,2022-01-13,2025-10-25,1,2022-05-14 20:15:43.518387,2022-07-21 08:09:24.862606
0,941923,1,2022-03-19,2026-04-10,1,2023-11-02 21:21:25.586992,2023-12-28 00:13:09.273402
0,947180,2,2022-08-16,2026-04-21,1,2022-03-17 01:19:29.438213,2022-06-03 06:48:48.026841
0,953846,6,2021-05-02,2025-12-29,1,2022-01-30 04:12:57.399668,2022-04-22 14:59:02.824898
0,982206,4,2022-09-16,2026-07-09,1,2023-11-10 12:48:19.120016,2024-01-03 08:48:32.462392
0,1019483,3,2022-08-06,2025-09-08,1,2023-04-26 14:04:09.186847,2024-01-29 14:00:57.899197
0,1022339,1,2021-04-25,2025-09-18,1,2021-11-18 05:25:09.813298,2022-01-04 05:09:09.634793
0,1032062,2,2022-01-20,2026-05-07,1,2021-04-29 05:07:12.143062,2024-02-01 20:51:49.683596
0,1035838,1,2021-09-02,2025-10-16,1,2021-09-09 18:42:36.639812,2022-06-14 16:59:39.240290
0,1041410,4,2021-07-28,2025-02-19,1,2021-05-05 20:43:32.116044,2022-08-27 17:04:23.773687
0,1044735,2,2021-11-13,2026-12-15,1,2024-01-22 08:59:38.420120,2024-02-06 01:55:18.598870
0,1053291,2,2021-04-07,2025-03-04,1,2021-06-13 05:03:52.321126,2022-07-25 09:21:23.275623
0,1059405,1,2021-05-27,2025-12-05,1,2022-05-01 16:36:45.550060,2024-01-11 04:34:33.373365
0,1063608,2,2021-07-31,2027-02-04,1,2023-09-08 10:08:47.930511,2023-10-19 08:41:47.093756
0,1063944,3,2022-06-26,2026-07-25,1,2021-09-09 01:50:30.004682,2022-12-21 04:35:36.604276
0,1088952,6,2021-11-07,2026-07-06,1,2021-06-03 18:27:22.823526,2021-08-12 22:02:15.705060
0,1093552,1,2021-05-04,2026-12-14,1,2023-03-06 02:55:22.045346,2023-12-11 10:15:49.269964
0,1102233,1,2022-06-16,2025-07-14,1,2023-08-11 06:41:50.895530,2023-10-02 23:12:24.954205
0,1136918,3,2023-02-08,2026-05-02,1,2023-05-30 19:59:30.976053,2023-09-29 07:37:38.699429
0,1139565,2,2022-10-21,2026-08-31,1,2023-11-15 09:27:27.102256,2023-12-08 08:39:50.246947
0,1143031,1,2022-07-24,2025-11-22,1,2023-06-15 12:28:28.340721,2023-09-04 14:56:31.584788
0,1144282,2,2022-05-17,2026-05-25,1,2023-06-21 15:26:58.864279,2023-10-22 01:58:49.527642
0,1146787,3,2021-07-01,2026-08-20,1,2022-11-06 11:10:08.184148,2023-05-06 23:50:40.604128
0,1179919,2,2021-07-21,2026-03-29,1,2021-05-10 07:24:26.978495,2023-11-27 00:30:21.685918
0,1206297,2,2023-01-19,2026-02-17,1,2022-09-18 12:46:25.953121,2023-02-03 07:49:27.494901
0,1247850,2,2021-05-31,2026-01-28,1,2023-12-13 18:37:13.536391,2024-01-11 11:36:07.698082
0,1270449,2,2021-09-26,2025-12-17,1,2023-02-27 12:28:48.557867,2023-09-12 19:32:02.133815
0,1274339,2,2021-12-06,2026-11-07,1,2023-03-07 16:42:12.496856,2023-11-20 04:17:35.110723
0,1303779,4,2022-03-12,2026-10-19,1,2022-11-05 04:34:40.284270,2023-05-09 17:27:41.015964
0,1309931,2,2022-11-12,2027-02-11,1,2023-03-08 03:45:37.714460,2023-07-24 11:38:45.077903
0,1316008,1,2022-12-04,2025-11-10,1,2023-07-03 09:39:17.148870,2023-12-23 14:04:17.693357
0,1334428,2,2022-11-28,2025-09-14,1,2023-11-20 16:50:40.272940,2024-01-27 10:08:56.425310
0,1340249,6,2021-11-20,2026-11-19,1,2022-06-07 18:52:38.315037,2023-08-05 02:39:54.583997
0,1341344,6,2022-11-06,2027-02-08,1,2021-05-18 13:50:12.555975,2022-03-26 04:44:09.056515
0,1369975,2,2022-04-13,2026-02-06,1,2021-10-09 09:57:50.816760,2021-10-29 10:41:14.779884
0,1370168,2,2021-12-18,2025-12-13,1,2023-11-15 19:41:41.719564,2024-01-24 20:03:13.349907
0,1379657,1,2022-11-20,2026-12-11,1,2021-09-26 13:06:58.908937,2022-10-14 14:43:15.294463
0,1380900,6,2021-04-02,2025-06-27,1,2023-11-23 13:03:29.108629,2024-01-04 06:57:18.250946
0,1382565,1,2022-02-14,2026-07-19,1,2021-03-12 14:02:46.252341,2022-12-20 09:41:58.682183
0,1389371,4,2022-09-05,2027-01-10,1,2021-10-06 03:50:09.481891,2022-05-09 11:44:22.697366
0,1394201,2,2023-01-30,2026-03-12,1,2022-08-22 01:45:44.091570,2023-07-19 06:40:46.106610
0,1433885,2,2022-09-13,2025-06-06,1,2022-05-10 11:22:23.038181,2023-05-08 16:33:19.709294
0,1443287,6,2021-06-11,2026-06-01,1,2023-03-09 14:44:42.557953,2023-08-25 03:51:45.586412
0,1448033,2,2022-09-19,2025-07-27,1,2022-02-02 00:34:12.007934,2022-12-12 12:20:01.711598
0,1448917,2,2021-05-15,2026-11-11,1,2022-03-15 03:19:45.501819,2023-08-25 20:46:04.845103
0,1449874,2,2022-04-23,2025-12-19,1,2023-02-19 10:39:50.520391,2023-09-09 10:16:12.886389
0,1473751,3,2022-03-13,2025-08-01,1,2022-10-13 15:57:42.919495,2023-06-28 05:47:07.876561
0,1476640,2,2021-07-18,2025-12-24,1,2022-03-10 14:50:43.977793,2023-11-12 08:34:56.718568
0,1478101,2,2022-02-21,2025-02-19,1,2022-07-21 10:58:28.797260,2022-10-26 22:23:40.891890
0,1480691,2,2021-10-09,2026-12-31,1,2023-02-06 09:35:23.191533,2023-08-09 03:45:12.298571
0,1484526,1,2021-08-30,2026-05-20,1,2023-03-31 07:58:14.311268,2023-11-28 06:27:14.248135
0,1488322,4,2023-02-07,2026-09-13,1,2023-07-11 13:30:24.865398,2023-09-16 23:14:31.551634
0,1489968,2,2021-09-17,2025-07-26,1,2023-02-28 00:38:33.063822,2023-03-30 00:05:08.214586
0,1498109,1,2022-08-10,2025-10-29,1,2023-04-29 20:02:04.970609,2023-10-25 21:07:24.956584
0,1506451,3,2022-01-13,2025-06-19,1,2021-06-23 04:57:54.791147,2022-03-08 22:17:37.295381
0,1510945,1,2021-11-01,2026-03-12,1,2021-12-11 19:54:08.984066,2022-01-19 06:42:26.314092
0,1532365,2,2023-01-26,2026-07-11,1,2023-11-24 05:21:51.080683,2024-01-13 15:47:35.064515
0,1542528,2,2022-07-19,2027-01-31,1,2022-01-12 09:50:43.126279,2022-01-28 14:34:07.094947
0,1544561,1,2022-09-25,2025-10-25,1,2021-05-24 11:45:48.876830,2023-12-06 12:09:05.130283
0,1545246,2,2021-08-19,2026-07-25,1,2021-08-13 14:24:42.555141,2022-02-15 20:42:56.216058
0,1554577,2,2021-02-14,2025-11-13,1,2022-01-13 04:30:30.499271,2023-08-27 01:05:31.324604
0,1555223,2,2022-08-13,2026-02-01,1,2022-02-08 01:14:52.677494,2023-11-05 16:04:48.846873
0,1570354,2,2022-02-23,2027-01-27,1,2022-11-13 22:32:43.586712,2023-05-20 21:39:11.351857
0,1571595,2,2021-11-13,2026-03-19,1,2022-09-11 19:32:15.322938,2023-06-03 23:18:43.494526
0,1605987,6,2021-11-20,2026-04-03,1,2022-08-04 00:29:25.269825,2023-12-13 16:47:46.268486
0,1611090,2,2021-04-20,2026-10-22,1,2023-08-05 06:07:26.033575,2023-12-13 12:35:23.170303
0,1613071,1,2022-03-27,2027-01-06,1,2022-01-25 22:09:39.438428,2024-01-07 07:03:41.971627
0,1615924,2,2021-07-26,2026-06-28,1,2021-05-04 10:23:23.080280,2022-12-01 06:53:17.634331
0,1616035,2,2022-10-21,2026-02-21,1,2023-12-03 10:49:28.684200,2024-01-11 08:45:49.264451
0,1616541,2,2021-07-07,2025-07-28,1,2023-07-29 14:19:21.362205,2023-12-29 05:42:47.257686
0,1621868,1,2021-10-22,2025-11-04,1,2022-03-20 15:11:22.817345,2023-09-27 21:43:40.375379
0,1629568,2,2021-07-29,2026-06-21,1,2021-07-11 08:56:41.588337,2023-05-01 02:52:27.340575
0,1632570,2,2022-10-24,2026-03-23,1,2023-08-31 22:49:15.850904,2023-09-15 10:15:27.210701
0,1632588,6,2021-06-14,2027-02-09,1,2022-11-28 11:02:54.942404,2023-03-20 02:43:58.486836
0,1637127,1,2021-05-05,2026-03-16,1,2021-12-03 11:39:30.809887,2023-07-07 18:59:37.700942
0,1645592,1,2022-04-30,2025-09-27,1,2023-01-04 05:36:24.151581,2023-10-30 14:24:57.873423
0,1649054,1,2021-12-15,2025-11-27,1,2021-06-08 03:47:44.774290,2022-03-24 20:48:24.445993
0,1674578,1,2023-01-03,2025-08-17,1,2022-05-08 08:04:03.554352,2022-07-31 02:19:58.375146
0,1693957,2,2021-03-20,2026-06-13,1,2021-08-23 05:58:15.883258,2023-05-22 16:12:55.191412
0,1700555,4,2022-01-05,2026-02-20,1,2021-08-23 01:55:09.564802,2023-09-11 12:18:14.963113
0,1712933,6,2021-04-11,2025-08-25,1,2023-01-06 11:14:02.894858,2023-02-19 23:26:41.882674
0,1725148,2,2021-12-28,2026-09-25,1,2023-03-25 09:34:43.474087,2023-12-28 04:04:34.289092
0,1733411,1,2021-03-05,2025-05-25,1,2023-05-21 01:09:18.659048,2023-10-27 23:21:54.238999
0,1738921,3,2021-07-14,2025-09-19,1,2023-09-19 03:14:50.948412,2023-10-23 00:13:01.183670
0,1738959,2,2023-01-17,2026-06-05,1,2022-08-30 12:40:23.284088,2023-05-29 02:58:48.098225
0,1744004,2,2021-04-28,2025-02-13,1,2021-05-06 07:39:17.751099,2021-06-28 07:40:58.284836
0,1769307,2,2021-12-16,2025-06-19,1,2023-09-15 23:13:39.838527,2023-09-17 08:40:51.118551
0,1770723,6,2023-02-07,2027-01-25,1,2023-04-18 02:57:32.946159,2023-12-25 03:58:43.111203
0,1774181,2,2021-04-05,2026-11-30,1,2022-03-04 05:15:50.635645,2022-06-30 01:23:48.904121
0,1782125,4,2022-10-04,2026-01-10,1,2022-01-31 08:59:41.380220,2023-09-06 22:09:59.805049
0,1787091,3,2021-11-16,2025-03-30,1,2021-07-16 12:15:28.256242,2022-07-29 13:18:52.493104
0,1801104,2,2021-06-12,2025-09-23,1,2022-04-30 19:56:42.932274,2024-01-30 04:24:04.023851
0,1802394,6,2022-05-17,2025-06-19,1,2022-03-28 11:58:41.096716,2022-04-30 04:29:17.905762
0,1824978,1,2021-04-09,2026-06-02,1,2023-08-31 12:24:07.504661,2023-10-24 15:10:08.237339
0,1832400,2,2021-02-13,2026-10-02,1,2024-02-02 13:07:20.851785,2024-02-03 23:23:24.033247
0,1855849,3,2021-11-07,2025-06-12,1,2021-03-10 14:40:27.474123,2022-10-22 09:33:12.543306
0,1869090,2,2021-12-09,2026-07-04,1,2021-11-24 13:54:19.156175,2022-04-29 05:40:50.128623
0,1880566,2,2022-10-09,2025-12-05,1,2023-08-01 05:33:18.009710,2023-09-15 07:01:34.725850
0,1882875,2,2022-12-24,2026-08-23,1,2021-08-08 02:46:29.818891,2022-01-16 17:38:58.509384
0,1885216,2,2021-05-20,2025-09-04,1,2022-12-22 15:08:30.340157,2023-03-11 03:44:08.650517
0,1917531,2,2021-07-18,2026-05-24,1,2021-07-29 18:12:17.284154,2023-11-04 21:37:26.545760
0,1928036,1,2022-06-21,2025-10-12,1,2022-02-16 01:20:32.811316,2023-06-18 11:06:42.647218
0,1929637,2,2021-04-26,2025-03-10,1,2024-02-12 22:40:17.687697,2024-02-13 08:29:35.117541
0,1944819,2,2022-11-24,2026-10-19,1,2022-08-21 01:53:27.199441,2023-03-14 09:13:41.508432
0,1945352,2,2022-01-12,2025-12-15,1,2021-03-11 17:56:18.126092,2022-10-20 20:23:16.839341
0,1966884,2,2022-06-02,2026-10-22,1,2021-11-02 14:37:32.552823,2022-01-12 16:48:38.114464
0,1970000,2,2022-05-26,2026-08-22,1,2023-04-28 17:39:47.888345,2023-09-06 00:12:26.668370
0,1986802,2,2023-01-29,2026-10-04,1,2024-02-08 18:16:22.138980,2024-02-09 18:34:52.152315
0,1997985,3,2021-08-03,2026-09-21,1,2023-05-08 08:04:36.762700,2023-10-31 09:33:48.573892
0,2004910,1,2022-06-03,2025-11-16,1,2023-11-11 00:09:24.411269,2023-12-11 11:54:39.666079
0,2007798,4,2022-03-30,2025-03-11,1,2023-04-05 02:52:31.401227,2023-08-05 17:05:11.054091
0,2015294,1,2022-07-08,2025-07-16,1,2021-11-16 23:06:05.805304,2023-12-08 11:23:36.512082
0,2016122,6,2022-11-16,2025-09-15,1,2021-06-27 18:24:08.663757,2023-08-15 04:03:40.589923
0,2026977,3,2023-01-12,2025-07-30,1,2022-08-21 17:45:14.039690,2024-02-08 08:37:25.441521
0,2038872,3,2022-08-08,2025-04-13,1,2022-01-16 14:17:27.318001,2022-01-31 07:56:29.067209
0,2044995,1,2021-05-23,2025-06-07,1,2021-10-25 23:15:53.406383,2021-11-26 12:15:29.132727
0,2062165,2,2022-06-06,2025-12-13,1,2021-09-07 17:50:18.787839,2023-09-19 07:49:01.436540
0,2069166,2,2022-08-22,2025-04-06,1,2023-06-21 18:26:33.382716,2024-01-18 06:11:39.475516
0,2070483,2,2022-11-04,2027-01-11,1,2021-05-02 17:38:28.764465,2023-04-28 09:29:41.724308
0,2091739,6,2022-04-02,2026-06-09,1,2023-11-24 11:52:30.821883,2023-12-02 20:25:36.018106
0,2094782,2,2022-03-03,2026-07-15,1,2021-12-20 06:26:51.854986,2022-12-25 02:42:58.328408
0,2097764,1,2023-01-07,2026-09-08,1,2022-09-04 03:48:53.567828,2023-07-12 20:43:22.145841
0,2100341,2,2022-08-14,2025-07-27,1,2023-01-23 15:00:09.259258,2023-07-20 18:02:20.678733
0,2124637,6,2022-04-27,2025-03-25,1,2022-08-25 15:07:38.220978,2022-12-20 08:04:33.110299
0,2130451,2,2022-06-19,2025-08-23,1,2021-03-29 21:04:54.140018,2022-07-09 11:10:49.155417
0,2133373,6,2021-02-12,2026-10-03,1,2023-04-14 14:21:21.118492,2023-07-23 05:41:25.183882
0,2134358,2,2022-12-08,2026-01-27,1,2021-02-18 14:56:47.955724,2023-05-22 11:51:32.252938
0,2135151,2,2022-01-06,2026-07-29,1,2022-09-05 15:15:40.806556,2023-09-12 06:22:24.651791
0,2153692,1,2021-03-26,2027-02-10,1,2022-05-12 16:21:02.603483,2023-02-04 16:51:22.461177
0,2179013,6,2021-10-31,2025-09-01,1,2022-10-23 13:14:40.002947,2023-06-04 22:12:03.978796
0,2191969,2,2022-03-25,2027-01-22,1,2023-04-05 14:38:17.801322,2023-11-11 19:37:51.174756
0,2203205,2,2023-01-20,2026-04-23,1,2023-08-23 16:45:26.493851,2023-10-01 14:30:23.225896
0,2214927,6,2022-10-07,2027-02-06,1,2023-08-15 13:50:15.907494,2024-01-16 13:31:15.978196
0,2227806,2,2022-04-18,2026-04-11,1,2021-07-05 10:09:29.489761,2022-09-06 18:28:12.568559
0,2236602,2,2021-09-22,2026-06-18,1,2022-04-26 03:43:44.829021,2023-01-26 15:35:17.858883
0,2241199,3,2022-09-11,2025-07-12,1,2023-07-11 19:44:03.328015,2023-10-08 21:51:22.905656
0,2245659,1,2022-05-16,2026-02-18,1,2022-05-04 18:54:07.510132,2023-12-24 19:06:24.888972
0,2246467,2,2021-07-19,2026-04-11,1,2022-11-27 15:09:02.464634,2023-08-16 02:37:18.560650
0,2256425,2,2022-04-15,2026-07-05,1,2022-09-11 00:38:00.520630,2023-06-19 22:38:31.233437
0,2262045,1,2022-07-25,2026-08-19,1,2022-03-26 09:00:21.911435,2022-06-02 17:29:32.168551
0,2266631,6,2022-12-31,2025-03-25,1,2023-12-02 01:30:50.426762,2023-12-11 18:02:56.000665
0,2282196,6,2021-10-23,2026-11-07,1,2023-01-31 15:14:57.003519,2023-12-14 10:20:46.479700
0,2302696,6,2022-06-24,2025-12-13,1,2022-12-13 09:19:02.833181,2023-04-06 23:20:42.182736
0,2316514,2,2021-05-15,2025-06-27,1,2021-02-21 11:46:25.452138,2023-11-21 09:47:44.153665
0,2328681,2,2021-09-28,2025-10-19,1,2021-05-07 13:01:36.505629,2021-06-26 21:29:23.387067
0,2336745,2,2021-05-10,2025-11-05,1,2021-11-09 08:44:06.734663,2023-07-31 21:36:40.458204
0,2347297,2,2022-10-13,2025-04-27,1,2024-01-02 07:26:45.375568,2024-02-04 22:50:51.521486
0,2350188,2,2021-09-17,2025-07-09,1,2022-11-21 23:37:04.721403,2024-01-09 02:55:45.388561
0,2358878,6,2021-07-11,2026-05-04,1,2023-03-03 04:23:46.198729,2024-01-02 10:06:52.729113
0,2365545,1,2022-07-24,2025-02-22,1,2023-08-24 17:34:02.240639,2023-12-23 04:52:28.724776
0,2369445,2,2022-06-17,2027-01-14,1,2021-07-03 03:16:09.610159,2022-01-31 02:18:18.618777
0,2379289,2,2021-11-01,2026-09-28,1,2021-07-29 21:04:34.425125,2023-04-21 05:42:27.704921
0,2399218,1,2022-11-11,2027-01-29,1,2022-06-03 02:21:17.324751,2023-11-19 22:44:04.218531
0,2400171,1,2022-03-14,2025-08-05,1,2021-10-14 17:05:04.254145,2022-01-24 17:13:08.519290
0,2403907,3,2022-12-15,2026-07-11,1,2022-05-18 07:02:37.254365,2023-03-21 00:55:21.603591
0,2410006,6,2022-01-26,2026-10-27,1,2021-12-30 11:13:33.920887,2022-12-25 05:13:16.926903
0,2425429,2,2021-08-03,2025-02-28,1,2023-08-30 22:15:34.949092,2023-11-02 06:10:16.377728
0,2445835,1,2021-08-07,2025-08-08,1,2022-02-15 04:47:44.703674,2022-04-08 18:38:38.274517
0,2452370,6,2022-02-09,2027-01-31,1,2022-11-09 18:23:54.321131,2023-03-30 09:26:21.232365
0,2456641,2,2021-05-03,2026-09-28,1,2022-10-19 01:21:02.961011,2022-12-01 11:48:46.067709
0,2457728,1,2021-07-04,2025-07-23,1,2022-08-31 20:08:39.958808,2023-06-26 17:51:44.178011
0,2459743,2,2022-10-11,2025-11-21,1,2023-06-26 17:26:59.173431,2024-02-12 12:02:57.294648
0,2507171,1,2021-10-12,2027-01-26,1,2021-03-30 04:34:06.404589,2023-10-14 05:09:41.982541
0,2507327,1,2021-09-29,2025-04-13,1,2022-11-28 01:33:15.407320,2023-10-17 03:06:56.418319
0,2518005,2,2021-03-06,2026-03-03,1,2021-06-23 01:30:07.156523,2022-11-19 21:12:25.219027
0,2520866,6,2021-03-03,2025-08-13,1,2021-11-02 04:37:51.113059,2022-08-06 11:59:22.907312
0,2523580,6,2022-08-27,2026-02-20,1,2022-12-31 02:51:18.587035,2023-10-15 15:53:14.386370
0,2527287,2,2022-07-11,2027-01-20,1,2022-02-11 11:09:15.285193,2022-05-04 04:54:28.680003
0,2528589,6,2022-08-15,2025-11-26,1,2022-07-30 03:39:05.798934,2022-12-06 23:40:03.102199
0,2529947,1,2022-01-13,2025-11-27,1,2022-07-16 08:21:03.417076,2022-12-02 08:04:18.867736
0,2546031,1,2021-08-01,2026-08-26,1,2021-12-21 03:24:12.522648,2023-03-15 22:32:13.563405
0,2555439,1,2022-08-28,2026-01-13,1,2023-10-15 23:56:09.420899,2024-01-17 06:45:28.260770
0,2601766,1,2022-10-21,2025-06-18,1,2023-03-16 03:26:17.186435,2023-10-31 18:37:58.118677
0,2605186,2,2021-09-13,2026-03-19,1,2023-10-30 20:25:49.417676,2023-11-20 19:27:54.208981
0,2606875,2,2022-06-15,2027-01-26,1,2023-05-03 20:01:20.403700,2023-10-09 02:18:54.049553
0,2612889,6,2022-03-19,2026-10-23,1,2021-11-25 02:57:30.334228,2024-01-29 14:32:38.759618
0,2622041,4,2022-07-07,2025-11-18,1,2021-12-06 06:32:57.882733,2023-12-07 19:23:50.426257
0,2626711,2,2023-02-01,2026-06-17,1,2022-08-27 18:46:49.495746,2023-03-10 14:51:28.306423
0,2629614,1,2023-01-13,2026-02-25,1,2023-12-09 16:28:15.296221,2023-12-09 21:57:24.371794
0,2639161,3,2021-02-22,2025-03-12,1,2023-02-02 05:48:49.431236,2023-12-05 01:14:43.970802
0,2662848,6,2021-09-22,2025-12-14,1,2022-07-27 03:20:05.550768,2023-08-26 17:58:56.074625
0,2664427,6,2022-12-08,2025-05-15,1,2023-06-01 07:24:34.141596,2024-02-01 23:16:10.477951
0,2675555,2,2023-01-03,2026-06-18,1,2022-01-10 06:36:01.414447,2022-06-28 23:27:28.821249
0,2678374,6,2022-06-07,2026-03-01,1,2021-10-21 02:04:18.562279,2022-05-22 22:59:31.156384
0,2693136,4,2021-08-04,2026-04-01,1,2022-06-10 02:00:29.939667,2023-08-18 22:19:52.533381
0,2708350,2,2022-01-16,2026-09-07,1,2022-04-04 21:13:44.185165,2022-08-26 09:04:12.529146
0,2720690,4,2021-04-08,2026-06-06,1,2022-06-14 01:14:42.347353,2022-08-15 01:43:12.704154
0,2726559,2,2022-10-05,2026-04-18,1,2023-09-29 17:37:04.616760,2023-11-19 06:33:06.677432
0,2747610,2,2021-07-07,2025-12-09,1,2023-08-15 13:02:11.008882,2023-10-04 11:42:59.320544
0,2750214,6,2022-03-26,2025-07-03,1,2021-07-04 09:51:04.632164,2023-08-17 15:39:11.207972
0,2758280,2,2022-02-12,2025-04-06,1,2022-05-05 10:13:11.629368,2023-09-09 22:56:58.206112
0,2772244,2,2022-10-02,2025-11-17,1,2022-06-11 23:45:11.230438,2022-08-25 15:25:14.399573
0,2772633,6,2022-03-13,2026-11-02,1,2022-07-30 03:34:11.596735,2022-12-30 08:45:05.313755
0,2781479,6,2022-08-18,2026-01-30,1,2022-09-05 03:38:55.206654,2024-02-02 12:15:18.434955
0,2784089,2,2021-10-31,2026-05-15,1,2023-09-03 17:08:39.419248,2023-12-13 18:19:32.490005
0,2785477,1,2021-08-06,2025-09-07,1,2021-08-06 21:29:45.238001,2023-05-14 19:30:19.822008
0,2815681,1,2022-09-20,2025-03-07,1,2023-01-04 21:47:24.728803,2023-06-07 20:26:44.678136
0,2820127,2,2021-07-14,2027-01-05,1,2022-03-14 17:55:36.174059,2022-03-15 16:07:09.124392
0,2820288,2,2021-03-23,2026-01-23,1,2023-06-22 15:31:02.745684,2023-11-18 19:02:52.387571
0,2828763,2,2021-08-13,2026-02-03,1,2021-06-11 14:34:51.725335,2023-01-18 22:06:16.468562
0,2833873,3,2021-07-16,2025-09-08,1,2021-12-11 12:15:56.852152,2022-02-13 11:29:23.162901
0,2836709,6,2022-12-26,2025-08-06,1,2022-02-22 08:51:12.485709,2023-11-11 15:29:24.860512
0,2856997,2,2022-03-13,2025-05-15,1,2021-10-24 14:50:17.381763,2023-11-02 18:36:45.309424
0,2862844,2,2021-06-25,2026-02-13,1,2021-08-26 09:25:21.269876,2023-03-07 21:37:57.861474
0,2872422,1,2022-04-20,2025-03-03,1,2023-02-08 04:53:51.558098,2023-05-03 01:57:25.171323
0,2881961,2,2022-11-10,2026-12-19,1,2022-11-17 17:36:40.933704,2024-01-24 07:08:29.617367
0,2886957,6,2022-11-29,2025-11-03,1,2022-11-16 15:54:22.214525,2023-02-17 07:36:15.597252
0,2894829,1,2022-04-04,2025-11-14,1,2023-03-10 14:00:20.554998,2023-07-10 02:24:10.876121
0,2899374,2,2021-05-09,2025-06-22,1,2021-11-27 10:08:01.525379,2023-01-08 15:08:35.071103
0,2904318,2,2021-06-29,2025-10-15,1,2021-03-19 20:00:18.508639,2023-06-13 07:26:26.650101
0,2919075,3,2021-07-24,2026-11-14,1,2021-06-26 06:34:17.852856,2022-05-17 18:56:03.145116
0,2941709,3,2022-04-30,2025-11-25,1,2021-12-30 09:51:12.882715,2022-09-25 23:04:08.533071
0,2950439,1,2021-09-27,2027-01-15,1,2023-02-05 00:23:05.618790,2023-11-29 17:43:28.333729
0,2955120,2,2022-05-11,2026-01-23,1,2023-09-23 12:59:57.489062,2023-10-20 07:09:59.116639
0,2966035,3,2021-08-28,2026-10-07,1,2021-08-30 11:01:56.527353,2022-11-26 18:46:56.439072
0,2975766,1,2022-10-23,2025-09-08,1,2023-07-31 23:15:56.540015,2023-08-13 15:44:51.604714
0,2978506,6,2022-05-09,2025-09-26,1,2023-04-25 17:33:18.359930,2023-05-06 12:41:32.157374
0,2979482,4,2022-03-11,2026-12-22,1,2021-12-17 00:55:48.719313,2023-08-11 08:32:00.795391
0,2983716,1,2021-06-08,2025-11-03,1,2023-05-12 12:59:50.151643,2023-07-31 14:41:01.213725
0,2994397,2,2021-07-15,2026-09-07,1,2021-04-14 20:21:56.999745,2021-12-12 19:03:53.855698
0,3001939,2,2022-06-09,2025-11-17,1,2022-07-11 06:10:06.884916,2023-03-18 00:04:34.992261
0,3004379,2,2021-08-06,2025-05-07,1,2022-10-11 02:21:27.688519,2023-11-11 07:33:28.616902
0,3011450,2,2021-04-21,2025-03-07,1,2021-06-11 18:18:05.801751,2022-08-05 19:17:49.435716
0,3018829,2,2021-11-30,2026-03-27,1,2022-03-14 13:50:17.666498,2022-08-03 03:40:56.032689
0,3022250,4,2021-08-30,2025-06-09,1,2023-07-19 11:44:21.045434,2023-08-05 13:07:14.351957
0,3030850,2,2021-02-27,2026-07-15,1,2021-03-04 08:36:02.384077,2023-11-09 14:33:27.848817
0,3033567,1,2021-04-26,2025-07-09,1,2022-09-29 22:10:01.187876,2023-05-04 02:50:44.474424
0,3043798,6,2021-12-16,2025-12-17,1,2021-08-06 08:41:41.357504,2021-12-11 17:15:21.867550
0,3045788,2,2021-03-09,2025-05-18,1,2022-01-05 01:33:57.350373,2022-11-13 17:26:25.916133
0,3080264,4,2021-08-19,2026-11-20,1,2021-09-05 18:51:55.291971,2023-11-16 18:01:54.100548
0,3113282,6,2021-03-23,2026-11-18,1,2021-03-18 17:00:22.491868,2022-10-05 11:54:57.244876
0,3113788,2,2021-05-31,2026-05-07,1,2022-03-21 23:59:29.223722,2023-12-27 11:26:04.386503
0,3120111,2,2022-08-01,2026-04-05,1,2022-09-17 16:43:26.585561,2022-10-26 01:54:15.470654
0,3146788,2,2021-12-18,2026-04-25,1,2023-06-14 02:22:01.016132,2023-07-04 01:12:03.705263
0,3162329,1,2022-11-08,2026-10-31,1,2022-12-11 22:54:14.314049,2023-11-22 15:07:15.899507
0,3166868,2,2023-01-27,2026-11-06,1,2023-03-29 18:56:11.297199,2023-07-06 14:48:23.042160
0,3171990,2,2023-01-16,2026-10-09,1,2021-05-18 09:01:59.168112,2023-06-02 05:30:22.506093
0,3173236,2,2022-05-06,2025-12-01,1,2023-12-06 16:56:29.944486,2024-01-16 02:48:41.269636
0,3180089,2,2022-02-21,2026-12-22,1,2021-06-11 07:17:15.798169,2022-10-03 11:50:23.649019
0,3225545,6,2021-08-08,2026-10-13,1,2021-06-14 01:32:30.912270,2022-08-29 01:45:28.807384
0,3227881,6,2021-09-17,2026-02-03,1,2022-12-20 00:48:32.895380,2023-02-15 20:29:08.094092
0,3276744,6,2022-06-05,2025-10-05,1,2021-04-28 07:41:35.723781,2023-06-02 09:11:07.543500
0,3279471,2,2021-12-30,2025-12-12,1,2021-06-03 20:02:22.747956,2021-06-08 09:34:18.351917
0,3304404,1,2021-03-17,2025-07-09,1,2021-05-13 17:05:40.275314,2023-01-03 15:55:55.213844
0,3318998,3,2021-05-18,2026-12-23,1,2021-11-18 09:28:57.326348,2023-06-20 13:39:46.220494
0,3331029,2,2022-08-22,2026-12-28,1,2022-01-09 01:31:12.393135,2023-06-21 17:21:08.030245
0,3331820,3,2023-01-28,2025-07-23,1,2023-09-08 06:36:50.136602,2024-01-20 20:48:39.849900
0,3343423,1,2021-08-28,2025-08-12,1,2021-09-27 06:47:00.960887,2023-01-19 12:24:15.470098
0,3344997,2,2022-09-13,2026-07-21,1,2022-01-07 09:49:53.308882,2023-09-15 15:45:13.355591
0,3358207,1,2022-05-15,2025-07-23,1,2021-02-15 17:18:23.352129,2023-08-22 00:03:06.988247
0,3360854,2,2022-08-06,2026-05-29,1,2021-11-02 07:02:34.236060,2022-01-26 10:45:42.195724
0,3361778,2,2021-06-20,2025-05-30,1,2022-05-26 23:20:23.783709,2023-02-08 20:07:33.970277
0,3368211,6,2022-07-14,2026-03-14,1,2022-09-09 20:29:14.025651,2023-06-09 00:01:47.372330
0,3385208,1,2022-01-28,2026-01-23,1,2024-01-01 11:27:50.175155,2024-01-29 13:02:54.868011
0,3391421,1,2021-05-12,2025-10-31,1,2021-04-18 16:49:08.381851,2021-09-18 10:12:19.508827
0,3405833,6,2021-12-07,2026-07-20,1,2022-01-21 12:09:46.390481,2022-08-08 02:54:06.518843
0,3407603,2,2022-11-20,2025-05-02,1,2022-11-23 04:55:53.126530,2023-04-22 18:50:08.784170
0,3412647,2,2022-07-07,2025-11-27,1,2021-06-07 09:29:17.893301,2021-07-10 07:42:10.748600
0,3443294,2,2022-05-10,2025-12-30,1,2021-10-06 13:43:13.297721,2024-02-11 21:22:38.890488
0,3444366,6,2021-05-11,2025-02-25,1,2021-07-14 01:24:50.008435,2022-02-25 00:49:47.192790
0,3449933,6,2022-06-23,2026-06-26,1,2022-04-20 19:55:09.554404,2022-09-10 14:38:01.789717
0,3450777,1,2021-06-10,2025-11-18,1,2021-02-25 15:11:19.428126,2022-03-08 20:32:17.016994
0,3451094,1,2022-08-10,2025-09-17,1,2024-01-18 14:39:35.313515,2024-02-11 22:59:01.796509
0,3452362,2,2021-06-29,2027-01-13,1,2023-05-07 15:27:45.877861,2023-12-01 02:20:55.524338
0,3467148,1,2021-12-01,2027-01-26,1,2022-04-01 03:59:40.009063,2022-08-25 04:05:49.052649
0,3468956,3,2022-09-03,2026-06-20,1,2021-11-27 18:07:09.256540,2021-12-17 04:05:17.541290
0,3469712,6,2021-10-14,2026-11-30,1,2022-12-21 15:38:41.858233,2023-07-31 10:13:18.950215
0,3472320,1,2022-03-18,2026-09-04,1,2023-07-28 03:38:39.180312,2023-09-27 01:54:58.802807
0,3489017,2,2022-04-30,2025-12-05,1,2022-08-10 17:47:51.889691,2023-06-13 21:45:07.902273
0,3489623,2,2022-10-07,2026-07-06,1,2021-09-15 11:35:41.348284,2023-05-19 10:04:43.639809
0,3497050,1,2021-08-14,2025-10-24,1,2021-05-01 01:11:02.096527,2023-11-12 14:22:31.133927
0,3509339,2,2021-09-25,2026-09-04,1,2022-02-27 11:49:29.528093,2023-09-14 16:18:19.443289
0,3520319,2,2022-11-28,2026-09-09,1,2022-06-17 19:07:13.043528,2022-08-01 07:46:34.097717
0,3528738,1,2022-02-13,2025-04-21,1,2023-07-04 18:14:52.355855,2023-08-13 02:30:04.598181
0,3533458,2,2021-11-04,2025-11-02,1,2022-11-17 17:08:50.363537,2023-05-20 20:38:15.921494
0,3534615,3,2022-01-29,2025-11-18,1,2022-02-27 17:10:50.345676,2023-01-02 07:19:35.885716
0,3539208,2,2021-08-30,2026-09-07,1,2022-06-29 20:53:58.724563,2023-08-22 14:55:58.423658
0,3557042,3,2021-11-11,2026-05-11,1,2023-08-28 21:25:59.393424,2023-11-07 19:59:44.258351
0,3558821,2,2021-04-29,2025-11-21,1,2022-08-01 04:08:37.093741,2024-01-23 22:37:05.896384
0,3559442,2,2021-08-10,2027-02-01,1,2023-07-23 10:42:36.595216,2023-11-12 06:47:10.795634
0,3561702,1,2023-01-26,2025-02-25,1,2022-10-25 16:15:51.709267,2023-07-10 04:51:51.597944
0,3564980,6,2022-05-05,2025-07-09,1,2021-02-25 19:47:54.709914,2023-11-29 15:13:06.725414
0,3567239,2,2021-11-22,2025-05-01,1,2023-05-08 00:22:09.591581,2023-10-01 04:20:28.138925
0,3574086,2,2021-04-20,2027-01-27,1,2022-03-28 12:36:23.627973,2023-01-16 16:43:31.735762
0,3582698,6,2022-10-23,2026-03-14,1,2021-09-07 08:29:20.584262,2024-02-05 18:00:42.961942
0,3598216,6,2022-01-29,2026-01-07,1,2023-11-22 23:50:29.473314,2023-12-28 17:27:06.758644
0,3622352,2,2022-05-25,2026-07-04,1,2022-11-06 18:00:15.952334,2022-11-07 19:23:45.536393
0,3632782,6,2021-12-25,2026-04-16,1,2021-07-07 07:59:30.443904,2023-05-03 10:59:33.770822
0,3638316,4,2022-08-13,2025-06-12,1,2023-11-28 07:49:22.929572,2023-12-21 07:26:06.232245
0,3639809,1,2023-01-06,2026-02-02,1,2022-08-04 12:02:24.205721,2023-11-27 07:30:40.258741
0,3641103,2,2021-02-18,2026-02-26,1,2022-08-25 17:36:17.634257,2023-06-30 06:23:26.382323
0,3645099,3,2021-06-15,2026-05-15,1,2022-04-26 22:16:55.420892,2022-04-30 06:17:31.494107
0,3649330,2,2021-09-04,2026-07-12,1,2022-11-12 19:57:40.024718,2023-08-19 00:55:16.658562
0,3654637,1,2021-03-21,2026-07-22,1,2023-02-01 07:50:21.579970,2023-06-17 06:32:37.531421
0,3665896,2,2022-11-19,2025-07-21,1,2023-02-08 19:37:27.561097,2023-06-21 13:49:06.014381
0,3678498,6,2021-06-04,2026-05-14,1,2024-01-06 02:33:16.452813,2024-01-23 09:01:45.453331
0,3688446,6,2022-09-05,2026-10-21,1,2023-03-29 03:46:41.863054,2023-05-20 02:24:49.142957
0,3697668,3,2021-04-01,2026-11-28,1,2021-07-25 17:07:39.463636,2021-09-16 23:53:43.205366
0,3713033,2,2021-07-17,2025-08-15,1,2022-03-25 04:32:17.809075,2023-12-20 03:28:15.938409
0,3771019,2,2021-05-19,2026-01-05,1,2022-01-14 17:20:08.801292,2023-11-25 02:50:07.770401
0,3781755,1,2021-11-20,2025-06-04,1,2021-05-23 22:36:02.145341,2023-12-26 01:11:55.953647
0,3800484,6,2022-02-06,2025-10-04,1,2022-10-02 15:02:06.131704,2023-02-15 07:12:48.863087
0,3805476,6,2022-11-10,2026-05-12,1,2023-08-20 04:02:21.735308,2024-01-23 20:52:52.583353
0,3813704,2,2021-05-30,2026-12-30,1,2021-11-24 15:03:57.140350,2023-04-12 10:50:48.889908
0,3821626,1,2022-10-04,2026-11-17,1,2023-12-15 21:39:54.196661,2023-12-29 15:48:56.653806
0,3822480,2,2021-09-19,2025-11-16,1,2023-07-22 14:02:57.942055,2023-12-11 20:49:18.485982
0,3826639,1,2022-07-29,2027-01-21,1,2021-03-13 13:43:30.776921,2021-10-17 09:08:12.516729
0,3848508,2,2023-01-22,2025-09-15,1,2022-03-14 01:19:09.641317,2022-12-05 13:49:19.534484
0,3858110,3,2021-08-26,2025-08-10,1,2023-12-05 21:35:27.128965,2024-01-30 18:33:51.962193
0,3913125,2,2022-10-03,2026-08-03,1,2022-03-05 05:06:43.400421,2023-02-16 01:58:24.376877
0,3937684,2,2021-11-03,2026-05-01,1,2021-03-09 10:45:56.217478,2023-10-31 06:50:23.994008
0,3970836,1,2022-06-13,2026-05-08,1,2022-06-01 09:46:59.705256,2022-09-06 21:52:31.125937
0,3980686,3,2022-12-28,2026-05-01,1,2023-01-14 03:15:10.917899,2023-04-07 13:53:38.811889
0,3985812,2,2021-12-31,2025-09-28,1,2021-07-04 23:12:22.127073,2021-12-19 17:38:00.132049
0,3989635,3,2023-02-03,2026-05-07,1,2023-03-17 05:02:12.944088,2024-01-18 10:42:40.500789
0,4013958,1,2022-04-08,2025-03-05,1,2023-05-10 15:26:09.897484,2023-12-25 09:01:02.755873
0,4028564,6,2021-09-17,2026-01-19,1,2023-07-14 22:44:40.313787,2024-01-21 22:41:48.079897
0,4058927,4,2022-05-31,2025-08-18,1,2023-06-03 21:54:55.674639,2024-02-07 21:17:48.182578
0,4091194,4,2022-03-23,2025-05-20,1,2022-08-28 11:57:27.649740,2024-01-04 01:46:04.775407
0,4094606,6,2022-05-09,2026-10-18,1,2022-09-08 22:39:58.754886,2023-04-09 04:27:04.032142
0,4103771,2,2021-03-01,2026-09-18,1,2021-06-11 11:53:25.505381,2024-01-04 00:05:31.956434
0,4109724,1,2022-01-06,2025-11-25,1,2023-04-12 20:56:21.556787,2024-01-25 13:04:10.805507
0,4136053,2,2022-06-01,2025-10-03,1,2022-04-22 21:52:49.118604,2023-12-31 22:53:44.193469
0,4144857,2,2021-08-06,2026-09-24,1,2023-05-29 11:04:22.379802,2023-12-16 07:47:49.992131
0,4150897,2,2021-09-26,2026-09-19,1,2021-09-27 09:26:56.996564,2022-11-27 05:22:35.610142
0,4162961,2,2021-04-20,2025-04-04,1,2023-04-25 20:07:51.883748,2023-06-14 15:37:43.024405
0,4176901,3,2022-10-14,2025-10-09,1,2023-07-08 00:36:03.114460,2023-10-22 09:52:40.172132
0,4181218,1,2021-06-26,2025-08-08,1,2022-07-05 00:16:24.668776,2023-01-14 00:10:03.243357
0,4196841,2,2021-09-09,2026-06-09,1,2021-09-07 22:36:38.453702,2023-10-03 16:32:14.232463
0,4220818,2,2022-01-16,2026-08-17,1,2021-08-30 17:20:31.857840,2023-01-12 11:17:12.970642
0,4227511,1,2022-08-09,2025-06-23,1,2022-01-04 15:06:22.710338,2022-04-15 00:58:00.785766
0,4239832,6,2022-11-05,2026-07-02,1,2022-01-18 21:02:28.099192,2022-03-11 22:57:42.721487
0,4245509,6,2022-08-03,2026-08-19,1,2021-12-05 11:51:36.700296,2021-12-30 20:55:34.872796
0,4258833,1,2021-12-14,2026-04-22,1,2021-03-17 11:25:17.450016,2023-12-16 08:22:44.721406
0,4261820,2,2021-05-26,2026-01-14,1,2023-10-01 19:10:44.176136,2023-12-06 15:50:10.532390
0,4280752,2,2022-09-02,2026-09-26,1,2022-11-09 13:52:54.938500,2023-03-03 02:35:47.893452
0,4292940,4,2022-02-28,2026-09-13,1,2022-02-07 04:56:53.171641,2023-02-14 07:42:24.763546
0,4322832,2,2022-06-22,2025-06-10,1,2021-06-28 21:19:35.602814,2023-08-24 14:48:26.925956
0,4335604,3,2022-09-21,2026-07-22,1,2022-02-03 11:15:00.401976,2024-01-12 02:33:59.048354
0,4338196,6,2022-01-02,2026-06-19,1,2023-04-10 14:02:41.444625,2023-07-21 15:15:50.155893
0,4343735,2,2021-07-14,2026-12-19,1,2022-09-19 06:52:14.769523,2023-01-22 21:29:43.670369
0,4348826,2,2023-01-19,2025-10-08,1,2022-03-09 05:13:07.899715,2022-06-16 10:03:39.316041
0,4369211,2,2021-03-08,2026-05-28,1,2023-04-21 10:39:22.655814,2023-07-24 16:12:06.134109
0,4375127,2,2021-12-19,2025-08-03,1,2022-12-29 03:22:08.999630,2023-05-15 09:08:24.740660
0,4389517,3,2021-03-29,2026-05-29,1,2022-02-26 06:55:04.250315,2022-07-29 01:01:00.419621
0,4404556,6,2021-08-18,2025-07-18,1,2023-11-25 19:49:03.324033,2024-01-31 10:17:11.842280
0,4419689,6,2022-03-25,2026-11-08,1,2022-09-06 19:26:25.254822,2023-11-08 12:19:09.289896
0,4421012,2,2022-03-13,2025-09-11,1,2022-10-17 22:44:17.365375,2023-01-12 06:15:37.581504
0,4422953,1,2021-05-11,2025-10-21,1,2023-05-29 20:53:51.083926,2023-06-29 22:19:34.698139
0,4433385,2,2022-01-07,2025-11-27,1,2024-01-15 09:00:48.854734,2024-01-16 06:29:24.738759
0,4434244,6,2021-08-05,2025-06-09,1,2023-08-11 20:38:20.994909,2023-11-13 14:30:05.392433
0,4436296,2,2022-08-31,2025-04-04,1,2021-09-23 23:47:34.113944,2022-11-06 05:43:01.994799
0,4447466,2,2021-07-28,2025-08-15,1,2023-12-20 11:33:47.834059,2023-12-22 07:33:29.424661
0,4447831,2,2022-09-24,2026-01-27,1,2022-06-14 22:53:35.286112,2023-08-14 02:50:08.805887
0,4450681,2,2022-10-04,2025-06-28,1,2023-01-09 10:55:20.426451,2023-06-13 17:30:48.770416
0,4450802,2,2022-11-22,2026-11-21,1,2022-07-09 02:49:17.516020,2022-11-10 03:50:43.458766
0,4452441,2,2021-12-31,2025-10-03,1,2022-07-18 07:42:29.241722,2023-08-20 20:23:21.637789
0,4454626,4,2022-03-28,2025-03-15,1,2023-11-11 08:15:00.102097,2024-02-10 04:43:51.834044
0,4455783,3,2022-08-08,2025-11-27,1,2023-02-16 05:56:35.288183,2023-12-27 04:51:01.208929
0,4457950,2,2021-05-30,2025-03-14,1,2023-05-05 12:31:01.321746,2023-10-12 00:39:07.552873
0,4504266,2,2022-01-02,2025-12-27,1,2022-01-01 18:24:42.008402,2023-06-24 12:05:23.287895
0,4505692,6,2021-11-14,2026-12-20,1,2021-09-23 03:42:04.228503,2022-05-08 02:16:39.251207
0,4521543,6,2022-09-11,2025-11-10,1,2024-02-02 02:36:44.636643,2024-02-05 10:48:54.794451
0,4536432,1,2022-12-31,2025-10-13,1,2022-01-21 18:01:19.244125,2023-07-20 03:37:15.736915
0,4544525,6,2022-03-09,2026-05-21,1,2022-02-18 06:55:53.578327,2023-08-08 00:01:06.832961
0,4549468,2,2022-02-24,2025-08-30,1,2023-10-06 10:44:55.394389,2023-10-25 19:12:55.391367
0,4552765,2,2021-09-02,2026-09-23,1,2021-02-21 21:19:38.488907,2021-10-29 12:48:44.727044
0,4559616,6,2022-10-07,2025-04-29,1,2023-01-30 05:56:45.597120,2023-04-02 02:33:12.989993
0,4562426,3,2022-04-24,2026-10-13,1,2023-09-17 21:15:07.512507,2024-01-13 03:02:52.996365
0,4580920,2,2021-05-08,2027-01-02,1,2023-06-24 02:14:29.698904,2023-12-02 16:50:47.640072
0,4594976,2,2022-01-20,2026-06-21,1,2021-10-08 18:52:14.426791,2023-08-09 20:10:41.638064
0,4596346,2,2022-11-21,2026-09-28,1,2022-03-10 16:58:38.443775,2024-01-10 20:23:50.300849
0,4597878,4,2022-09-09,2025-08-27,1,2022-11-08 08:35:13.591808,2023-10-14 21:16:49.497090
0,4607521,4,2021-11-06,2026-11-13,1,2023-06-02 05:49:30.963580,2023-07-05 22:35:00.230381
0,4611215,1,2022-10-08,2026-02-13,1,2021-05-03 00:47:58.683009,2021-10-16 15:05:39.440224
0,4636270,2,2022-10-02,2025-02-13,1,2023-10-30 15:07:05.785301,2023-12-08 05:10:59.872298
0,4650947,2,2021-09-02,2025-03-31,1,2021-12-03 10:19:29.901283,2023-08-13 22:29:16.761384
0,4658719,6,2022-02-22,2026-07-14,1,2023-11-26 09:57:42.605188,2024-02-10 14:19:50.355992
0,4664385,2,2022-01-19,2025-08-16,1,2021-04-16 12:46:46.806536,2023-01-09 04:47:39.817868
0,4671222,2,2023-01-26,2026-02-10,1,2023-04-12 13:11:40.311695,2023-11-15 21:38:39.168928
0,4687829,2,2022-07-07,2025-05-16,1,2021-11-19 21:33:25.916786,2021-12-05 22:31:41.084811
0,4745468,3,2021-05-18,2025-02-22,1,2021-04-26 19:33:17.773622,2022-06-01 12:30:10.181262
0,4755071,2,2021-11-01,2026-09-07,1,2022-09-05 06:29:02.966909,2023-04-07 05:52:49.289326
0,4759866,2,2022-08-07,2026-05-04,1,2023-06-27 22:35:59.054695,2024-01-21 23:34:59.542555
0,4763076,2,2021-11-22,2025-12-31,1,2023-11-26 22:13:10.026671,2024-01-25 11:27:53.216809
0,4777928,2,2022-04-21,2026-02-16,1,2021-09-23 00:15:23.390428,2022-06-05 21:06:25.195137
0,4786847,3,2022-07-26,2025-02-26,1,2021-03-17 23:48:45.024086,2023-07-20 04:06:10.058946
0,4788261,2,2021-12-10,2026-06-13,1,2022-04-12 20:46:35.324706,2022-08-05 22:09:24.805668
0,4794299,2,2022-03-31,2025-10-28,1,2023-09-24 21:33:47.616743,2024-01-22 00:19:42.897052
0,4803796,2,2022-05-22,2027-01-13,1,2022-02-25 10:23:18.761073,2023-01-26 21:22:13.248788
0,4810082,2,2022-11-07,2025-07-30,1,2022-04-04 08:52:03.206733,2022-07-10 05:19:59.039087
0,4846059,2,2023-01-20,2026-06-04,1,2023-08-17 02:28:00.702760,2023-10-09 00:27:45.248648
0,4850976,4,2022-01-09,2025-06-02,1,2023-02-28 01:18:24.229407,2023-10-25 22:02:48.232971
0,4853510,2,2022-01-23,2026-04-06,1,2021-10-20 10:44:12.868657,2023-08-13 01:06:49.530375
0,4888154,2,2022-01-18,2026-03-20,1,2023-05-21 22:33:06.346314,2023-11-06 04:09:55.570698
0,4893037,2,2021-02-18,2025-07-27,1,2022-02-23 10:03:36.812778,2022-09-11 16:30:03.086266
0,4897586,6,2022-04-18,2026-10-23,1,2021-08-09 14:27:41.131531,2023-12-16 09:36:22.314438
0,4908561,1,2023-01-08,2025-06-27,1,2021-08-31 13:24:42.935876,2022-03-03 13:19:15.287178
0,4910218,1,2022-01-10,2026-05-17,1,2023-03-04 07:49:59.339875,2023-08-01 19:38:32.961020
0,4913421,1,2021-06-17,2026-09-25,1,2021-05-25 10:51:54.366285,2024-02-03 10:33:09.759570
0,4919748,2,2021-12-24,2025-03-24,1,2022-03-13 14:38:37.616221,2023-06-02 04:08:04.535939
0,4936656,2,2021-07-13,2026-05-10,1,2022-05-12 07:48:04.017913,2023-03-15 00:41:46.954401
0,4948134,3,2022-01-26,2026-11-25,1,2021-12-30 08:49:30.020477,2023-10-09 12:54:46.900175
0,4959588,6,2021-09-03,2026-01-21,1,2021-07-17 15:28:35.204095,2021-09-28 19:33:30.396120
0,4992254,1,2022-11-08,2025-10-03,1,2021-08-10 00:50:03.554547,2023-01-30 06:40:02.259700
0,4994387,1,2021-12-21,2026-05-16,1,2022-07-23 17:48:59.505160,2023-09-28 15:51:00.121302
0,4998217,2,2022-11-30,2026-05-28,1,2023-05-03 20:29:18.631026,2023-06-26 18:27:34.602681
0,5019820,3,2021-04-04,2025-12-10,1,2021-02-17 12:12:20.332324,2024-01-02 02:10:59.173630
0,5021785,2,2021-11-09,2025-06-29,1,2023-12-28 18:23:21.613276,2024-02-03 15:14:52.710304
0,5027764,2,2022-05-10,2026-06-21,1,2023-02-11 23:11:54.583110,2024-01-14 02:48:32.037096
0,5034242,4,2021-08-08,2026-02-01,1,2023-12-11 12:21:30.154195,2024-02-02 22:27:42.424414
0,5035343,2,2022-06-21,2025-11-01,1,2022-10-21 20:42:11.864671,2023-03-30 02:09:01.418221
0,5038374,1,2022-03-10,2025-05-25,1,2021-07-02 00:45:37.493950,2021-08-16 00:20:53.371190
0,5043892,2,2022-03-05,2025-11-24,1,2021-04-14 01:49:07.300856,2022-02-21 19:12:40.935367
0,5045471,2,2022-09-16,2026-04-10,1,2021-10-10 01:39:21.919354,2023-01-10 20:12:44.746522
0,5079816,1,2021-08-06,2025-08-26,1,2023-02-13 07:22:17.365819,2023-06-22 15:05:21.808860
0,5089532,2,2022-05-16,2026-09-22,1,2022-12-11 15:24:05.516003,2023-11-22 14:56:28.841034
0,5094927,2,2021-04-23,2026-04-21,1,2021-12-14 09:37:32.765908,2022-04-23 23:25:44.117320
0,5097487,6,2021-11-03,2026-01-23,1,2023-08-23 09:54:15.046385,2024-01-27 08:12:08.265948
0,5109114,2,2021-12-11,2025-03-23,1,2024-01-07 04:26:54.415311,2024-01-07 08:14:31.088507
0,5140381,2,2022-03-17,2026-08-23,1,2022-06-23 02:00:57.464555,2022-09-27 16:37:26.597728
0,5140589,2,2021-05-13,2026-09-25,1,2021-04-16 01:29:16.112340,2023-12-02 12:40:26.484754
0,5147803,1,2022-06-16,2026-10-06,1,2023-03-06 04:13:06.124251,2023-04-03 10:32:04.912656
0,5148035,2,2022-10-04,2025-10-09,1,2021-05-08 22:51:20.124482,2022-03-04 21:27:25.371188
0,5155845,6,2021-03-08,2025-06-03,1,2022-07-11 16:36:46.267553,2024-02-10 16:06:24.599042
0,5165344,2,2022-09-29,2026-10-10,1,2022-08-26 13:23:27.144070,2022-12-01 06:15:10.026400
0,5168189,2,2023-01-31,2027-01-12,1,2022-01-12 09:53:06.698259,2023-11-13 00:17:41.931799
0,5178508,2,2021-06-08,2025-03-27,1,2023-11-02 04:30:38.263993,2023-11-04 13:38:34.462239
0,5207349,1,2022-12-21,2027-01-28,1,2022-01-21 10:30:45.058548,2023-04-30 15:39:25.014605
0,5207426,2,2022-04-12,2025-03-04,1,2022-01-08 07:16:19.869214,2022-05-20 17:29:11.471687
0,5211546,1,2021-12-24,2026-06-20,1,2022-11-09 19:41:04.975872,2022-12-20 16:28:17.750529
0,5222411,2,2022-05-13,2026-01-30,1,2021-03-29 09:49:35.253266,2022-08-04 20:41:41.629939
0,5223115,2,2021-05-23,2025-06-13,1,2023-08-30 00:58:41.326180,2023-10-10 17:17:58.470840
0,5230659,1,2022-08-31,2025-02-25,1,2023-02-15 10:24:44.953127,2023-11-19 16:55:49.441789
0,5272177,2,2022-09-24,2025-10-20,1,2021-08-10 04:12:03.372993,2023-08-30 03:00:24.125660
0,5284544,1,2021-04-22,2025-10-27,1,2021-12-07 13:27:53.639612,2023-10-20 00:32:13.965448
0,5289939,4,2021-07-04,2025-09-28,1,2022-04-23 06:36:51.325075,2023-04-10 06:13:23.448007
0,5294624,3,2022-05-26,2025-03-22,1,2022-03-14 14:31:33.630788,2023-07-07 11:33:33.714972
0,5311299,2,2023-01-30,2026-04-16,1,2021-12-12 11:28:48.799630,2022-03-10 01:30:55.338550
0,5314735,2,2022-12-12,2026-02-07,1,2021-06-12 00:01:06.904708,2022-06-30 14:45:42.168006
0,5318081,1,2021-07-11,2026-07-17,1,2023-05-01 04:13:35.022439,2023-11-17 22:31:36.053145
0,5319977,2,2022-08-02,2025-03-11,1,2021-12-14 02:45:40.635805,2023-04-24 09:06:57.758752
0,5325251,6,2022-12-15,2026-02-01,1,2023-03-20 09:42:24.882387,2023-09-26 02:48:04.031891
0,5340014,2,2022-12-21,2025-10-11,1,2022-10-02 07:49:35.387356,2023-07-13 14:02:44.237994
0,5340181,2,2022-07-30,2026-09-26,1,2023-10-08 08:53:32.531193,2023-12-16 21:41:48.413471
0,5349057,6,2022-01-06,2025-10-27,1,2023-01-18 01:18:41.441835,2023-08-02 08:27:32.403528
0,5357765,2,2021-08-10,2025-12-04,1,2021-05-04 22:18:28.277712,2023-02-01 04:11:51.306413
0,5372046,2,2022-07-04,2026-11-04,1,2022-07-21 21:59:17.035710,2022-10-26 00:30:49.918550
0,5373430,2,2022-08-06,2026-11-05,1,2022-02-24 20:14:28.730554,2023-01-29 23:49:08.835225
0,5385118,1,2021-11-13,2026-07-16,1,2021-08-14 18:46:42.867685,2022-05-26 05:16:40.791999
0,5414060,3,2022-09-06,2025-04-09,1,2023-05-13 03:49:02.460017,2023-09-06 04:26:21.579136
0,5414335,1,2022-05-30,2025-02-14,1,2023-10-22 04:42:28.005233,2024-02-05 04:27:21.101755
0,5417358,6,2021-07-04,2025-04-16,1,2024-01-23 17:58:12.292844,2024-02-03 06:19:55.408027
0,5418438,2,2021-09-24,2025-10-21,1,2023-11-06 14:30:05.911178,2024-01-26 18:13:43.397100
0,5426773,6,2022-05-22,2025-10-06,1,2023-06-19 01:09:55.539868,2023-12-06 23:35:15.809947
0,5428752,6,2021-04-29,2026-03-06,1,2023-01-30 00:03:10.897265,2023-04-25 18:03:41.130558
0,5441167,3,2022-09-17,2026-07-12,1,2021-10-05 08:26:56.613042,2024-02-08 06:43:35.151434
0,5451586,6,2021-04-28,2026-08-02,1,2023-06-03 03:09:50.640335,2023-07-14 12:02:13.274481
0,5452050,2,2022-04-28,2026-08-22,1,2023-06-08 15:07:04.838835,2023-06-10 08:55:18.484222
0,5453333,6,2022-08-05,2026-11-10,1,2022-01-28 13:31:39.657384,2022-07-18 02:11:10.987652
0,5456479,2,2021-06-24,2025-11-13,1,2023-12-29 21:54:35.219445,2024-01-16 23:58:11.184367
0,5464645,6,2022-04-02,2026-03-13,1,2022-06-21 14:16:39.165322,2023-02-28 05:40:45.015919
0,5466787,2,2021-04-27,2026-10-29,1,2023-12-07 05:50:40.791358,2024-01-11 23:42:56.329164
0,5476508,2,2022-12-14,2025-02-12,1,2021-05-18 13:44:45.163322,2023-05-12 11:56:11.189801
0,5545377,2,2021-05-26,2025-02-26,1,2022-09-17 17:17:38.371283,2022-11-28 23:03:07.385220
0,5557506,2,2021-08-05,2026-10-23,1,2024-02-07 12:36:49.655950,2024-02-13 09:11:15.887822
0,5560682,2,2021-08-01,2026-02-11,1,2023-09-26 23:46:00.135818,2023-12-05 19:23:15.249159
0,5564109,4,2021-11-23,2026-03-17,1,2023-01-06 17:28:30.511621,2023-06-10 08:45:29.827039
0,5574704,6,2022-07-01,2025-03-02,1,2023-04-10 03:02:51.785721,2023-11-25 07:52:49.761832
0,5582355,2,2022-01-23,2027-01-03,1,2021-09-28 00:18:46.563706,2021-11-10 08:08:16.624830
0,5590214,1,2021-06-04,2027-01-25,1,2022-02-02 18:23:29.405275,2023-03-03 06:10:14.122798
0,5596537,1,2022-03-07,2026-10-04,1,2023-08-28 06:43:03.401721,2024-01-15 02:37:43.131566
0,5604811,3,2022-11-19,2026-11-02,1,2023-09-21 08:13:08.026113,2023-09-29 09:28:34.585419
0,5614849,2,2021-12-20,2025-11-10,1,2023-12-10 16:09:13.066798,2023-12-17 19:16:03.244519
0,5619912,2,2022-01-16,2025-09-14,1,2023-10-29 12:12:46.426310,2023-11-05 02:22:48.587684
0,5633051,6,2021-06-05,2027-01-08,1,2021-09-04 04:33:42.415567,2023-11-01 07:35:27.598551
0,5637374,4,2022-09-14,2025-05-26,1,2022-08-22 18:19:17.096148,2024-01-26 00:16:30.698561
0,5639136,6,2021-06-29,2026-05-22,1,2021-06-20 23:06:47.747804,2024-01-08 04:58:58.837906
0,5653633,2,2021-12-02,2025-07-06,1,2023-08-05 00:38:22.945653,2023-10-26 09:25:18.647226
0,5659794,2,2022-09-26,2025-05-24,1,2021-10-17 17:23:26.345201,2022-06-29 20:28:04.571834
0,5663197,1,2021-02-17,2026-06-15,1,2021-09-07 10:05:39.816707,2024-01-13 01:19:05.542676
0,5676153,2,2021-12-10,2025-06-05,1,2023-01-17 20:15:23.373147,2023-08-13 02:00:34.072091
0,5679858,3,2021-05-27,2025-05-02,1,2022-06-20 09:57:35.540192,2023-06-19 20:45:33.807076
0,5694180,2,2021-09-21,2025-09-15,1,2022-01-21 04:57:45.054219,2022-07-28 14:29:38.487208
0,5718048,2,2022-08-21,2025-04-28,1,2021-08-11 20:15:48.019951,2022-07-27 01:36:40.905991
0,5720885,2,2022-11-25,2025-12-30,1,2023-09-20 00:11:17.078347,2023-12-04 14:39:42.819335
0,5729121,2,2021-11-29,2026-08-28,1,2021-11-26 18:43:31.514358,2023-09-04 09:40:42.225624
0,5733064,3,2022-12-17,2026-03-05,1,2021-09-29 23:26:21.842556,2021-12-24 01:22:25.531061
0,5735194,2,2022-04-28,2026-05-11,1,2023-07-08 06:54:12.330641,2024-01-24 15:20:44.240595
0,5795976,2,2022-10-01,2025-06-04,1,2021-03-12 08:01:34.750747,2024-01-25 08:08:15.163714
0,5801136,2,2021-03-04,2026-12-30,1,2022-06-28 20:20:09.768538,2022-08-25 12:39:08.814226
0,5814800,6,2021-08-01,2026-05-22,1,2022-06-04 08:50:37.160921,2022-06-22 16:26:03.945315
0,5824862,1,2023-01-11,2026-11-11,1,2024-02-07 21:49:40.745192,2024-02-09 10:28:08.804449
0,5833561,6,2021-02-16,2027-01-19,1,2021-07-11 02:10:39.437624,2024-02-09 19:49:10.149181
0,5843920,2,2021-03-18,2026-02-08,1,2024-01-14 07:52:46.448803,2024-01-29 08:50:40.390410
0,5853880,2,2021-04-02,2027-01-30,1,2023-02-05 09:59:52.182380,2024-01-04 03:18:08.535537
0,5865201,2,2022-01-03,2025-12-03,1,2022-03-13 03:54:43.247876,2023-05-24 22:54:26.895777
0,5874259,3,2022-10-28,2026-06-02,1,2021-05-20 02:05:36.840214,2022-05-03 02:16:53.820049
0,5885681,6,2022-03-11,2026-02-09,1,2023-08-08 20:57:13.342716,2023-11-07 09:42:24.831574
0,5892906,2,2021-07-27,2025-09-14,1,2022-03-18 20:45:05.049021,2023-08-09 18:08:15.111519
0,5894240,1,2021-06-17,2025-03-30,1,2022-08-19 21:35:50.026381,2022-11-11 16:43:01.110526
0,5898343,2,2022-03-05,2025-06-20,1,2022-07-31 21:23:20.995347,2022-12-22 12:08:02.128610
0,5903727,2,2021-07-07,2025-10-03,1,2023-01-13 17:36:51.410040,2023-07-17 13:22:53.258893
0,5907703,2,2022-09-02,2026-08-11,1,2023-03-04 06:07:13.508694,2023-07-31 14:07:52.126033
0,5924540,3,2022-07-02,2026-10-29,1,2021-08-29 22:58:53.074012,2022-06-24 19:47:53.963814
0,5948718,4,2022-02-06,2026-04-18,1,2021-05-11 00:57:29.237148,2021-09-01 19:26:09.259972
0,5961250,3,2021-10-18,2026-09-02,1,2022-09-27 10:43:40.088695,2023-09-12 01:21:27.144114
0,5974517,2,2021-09-01,2026-01-01,1,2021-06-22 22:28:08.228430,2021-08-30 21:43:53.712298
0,5978397,2,2022-01-24,2027-01-08,1,2023-07-13 01:23:24.198926,2023-11-26 20:05:07.623236
0,5985518,6,2021-09-09,2026-03-07,1,2023-03-16 00:13:59.449035,2023-06-15 13:06:09.316856
0,5993547,2,2021-10-31,2025-06-19,1,2022-04-01 12:50:34.071151,2022-06-07 17:33:22.729035
0,5995078,2,2021-12-31,2025-02-18,1,2023-02-21 02:51:24.773250,2023-12-07 01:23:34.907063
0,6000034,6,2022-09-22,2025-10-14,1,2023-01-18 15:33:59.238485,2023-06-20 07:16:20.946232
0,6010391,2,2022-02-06,2025-07-10,1,2021-07-22 14:49:16.735084,2023-08-20 10:39:38.397242
0,6010480,6,2022-01-02,2026-12-01,1,2022-05-09 19:47:59.204203,2023-07-29 15:31:56.426524
0,6033148,6,2021-03-29,2026-03-18,1,2022-04-09 09:21:55.073965,2022-06-02 06:18:36.485773
0,6041797,2,2021-02-25,2026-10-28,1,2023-04-15 01:34:41.606359,2023-08-04 15:26:47.934341
0,6056318,2,2021-05-03,2026-01-30,1,2021-11-24 19:53:49.296954,2022-05-26 14:18:01.307791
0,6059703,2,2022-09-05,2025-12-07,1,2023-12-16 10:55:49.893808,2024-02-02 12:35:23.780628
0,6076858,2,2022-05-05,2025-07-03,1,2023-11-14 18:49:29.613872,2023-12-29 12:48:59.800893
0,6112567,6,2022-11-09,2025-02-27,1,2024-01-09 22:17:58.192569,2024-01-14 22:05:26.696905
0,6121372,2,2022-10-27,2025-10-20,1,2023-03-17 04:03:58.184820,2023-12-11 09:05:29.707106
0,6124204,2,2021-08-04,2026-11-12,1,2022-05-27 17:33:51.468259,2023-06-27 20:37:06.228619
0,6137407,2,2022-10-16,2026-07-23,1,2023-11-17 01:28:32.600214,2024-01-16 10:31:36.588850
0,6150221,2,2021-12-24,2025-04-21,1,2022-03-10 09:14:33.063963,2023-03-29 02:39:38.955965
0,6151058,2,2022-06-15,2026-09-04,1,2022-09-29 16:52:56.773648,2023-07-06 05:22:58.485867
0,6155141,2,2021-06-28,2026-11-02,1,2024-01-29 17:01:38.597657,2024-02-11 13:09:25.882598
0,6165507,3,2021-12-01,2025-04-13,1,2022-11-10 10:54:58.181791,2023-10-02 00:26:26.378568
0,6179287,1,2022-01-03,2025-03-14,1,2021-03-06 21:04:56.690371,2023-10-15 15:03:25.618878
0,6189265,6,2022-02-08,2026-10-25,1,2023-08-24 05:24:55.060248,2023-09-29 19:51:19.752305
0,6223900,2,2021-12-05,2025-10-28,1,2021-07-24 05:00:14.982305,2022-06-01 05:35:20.791347
0,6247068,2,2021-06-30,2025-04-27,1,2021-12-19 06:11:17.765608,2022-07-19 01:04:08.331780
0,6269027,3,2022-05-29,2026-12-23,1,2023-09-24 21:21:10.163551,2023-11-04 14:53:52.726306
0,6286346,2,2021-04-08,2026-01-07,1,2021-07-30 13:01:42.713488,2023-10-03 13:46:08.199665
0,6294642,2,2021-12-28,2025-04-02,1,2022-10-06 21:09:28.414943,2023-05-11 04:07:50.474274
0,6326359,6,2021-11-27,2026-01-17,1,2023-08-24 10:37:03.298278,2023-12-05 04:25:11.813664
0,6329982,2,2022-03-27,2027-01-10,1,2023-01-12 23:36:39.126694,2023-09-09 03:15:42.878899
0,6331112,2,2022-05-14,2026-07-30,1,2022-12-18 13:17:31.647555,2022-12-19 16:26:59.646500
0,6337714,3,2021-07-09,2025-08-26,1,2023-06-05 15:03:16.145747,2023-08-30 03:41:26.646386
0,6343576,2,2021-09-14,2025-06-26,1,2022-09-14 12:46:49.327500,2023-07-13 22:25:38.516674
0,6373572,1,2022-08-02,2026-12-04,1,2022-03-04 21:25:45.052634,2023-08-27 15:58:35.778515
0,6390430,2,2022-05-22,2026-03-23,1,2023-08-21 03:52:24.524412,2023-09-13 06:36:21.613508
0,6394675,2,2022-08-27,2026-09-06,1,2023-02-18 10:26:13.910859,2023-11-22 21:00:06.573513
0,6395832,2,2022-01-01,2026-07-10,1,2023-09-10 02:16:29.417538,2023-10-13 20:04:07.841897
0,6405863,2,2021-05-28,2025-02-26,1,2022-06-22 12:41:40.169001,2024-02-06 12:35:25.503646
0,6429844,4,2021-07-10,2026-12-20,1,2023-05-08 02:50:01.383618,2023-08-22 11:46:50.854499
0,6432335,1,2021-07-12,2025-08-23,1,2021-08-03 03:50:37.895437,2023-10-09 08:40:12.561294
0,6448357,1,2022-02-28,2025-06-24,1,2023-05-24 12:41:53.468182,2023-11-12 08:19:07.519164
0,6466577,2,2022-07-28,2025-03-15,1,2022-04-14 04:46:33.716029,2022-10-08 03:15:24.943503
0,6478968,2,2021-06-20,2027-01-29,1,2022-07-20 14:56:17.226110,2022-12-03 08:55:57.059314
0,6484926,2,2021-03-30,2026-06-20,1,2021-07-10 11:03:24.464556,2021-11-02 20:23:30.763817
0,6524805,2,2022-11-16,2026-04-18,1,2023-04-27 02:55:09.199100,2023-05-14 12:04:25.401362
0,6537417,1,2022-12-24,2027-02-10,1,2022-03-20 19:49:14.047974,2023-02-02 17:38:25.604874
0,6550225,2,2022-08-12,2026-10-14,1,2021-03-27 17:57:44.131230,2022-07-15 19:17:49.824423
0,6576590,2,2022-09-11,2026-09-14,1,2022-01-17 07:11:41.780490,2023-04-08 02:16:00.320685
0,6580715,3,2022-05-28,2026-07-21,1,2023-05-21 00:21:53.277412,2023-12-21 23:47:16.684127
0,6582606,3,2022-03-31,2026-03-30,1,2023-10-22 05:54:23.026139,2024-01-21 22:56:54.865867
0,6592661,2,2022-08-27,2027-01-20,1,2023-12-03 15:16:54.052984,2023-12-22 01:07:15.849722
0,6604117,2,2022-08-12,2026-06-10,1,2021-06-11 14:17:51.424886,2022-06-13 21:00:24.058392
0,6622776,2,2023-01-03,2026-02-27,1,2023-06-06 08:55:10.366843,2023-08-29 23:47:26.873259
0,6623008,3,2022-11-23,2026-12-12,1,2022-09-30 21:32:15.656813,2023-11-03 09:36:04.362963
0,6639977,2,2021-11-18,2026-12-23,1,2021-03-29 08:32:44.244750,2023-01-10 13:06:58.677117
0,6645302,2,2021-09-29,2025-09-14,1,2021-09-10 02:15:54.406570,2023-11-17 21:02:36.459572
0,6672332,6,2021-09-22,2026-08-24,1,2023-09-05 16:50:49.031191,2023-10-02 14:56:08.095522
0,6688102,1,2021-09-21,2025-10-03,1,2021-04-20 01:24:23.672239,2021-08-30 10:00:47.298914
0,6690242,2,2022-02-21,2026-11-30,1,2021-09-02 22:22:15.275571,2021-11-29 04:23:41.956107
0,6706780,2,2022-10-04,2026-05-01,1,2021-08-30 02:31:06.206357,2023-06-27 04:15:53.859070
0,6707678,2,2021-12-17,2026-01-25,1,2022-09-11 15:37:34.802028,2022-12-30 05:23:41.846320
0,6707736,6,2021-08-06,2025-11-22,1,2022-10-05 14:00:27.283868,2023-11-12 11:53:27.845335
0,6731695,3,2021-07-30,2025-08-24,1,2023-08-29 17:23:04.722286,2023-10-28 01:25:56.784553
0,6747053,6,2022-12-26,2026-12-23,1,2023-05-31 19:40:53.741692,2024-01-03 01:37:19.511813
0,6756804,1,2021-02-15,2025-09-18,1,2024-02-02 14:49:17.131557,2024-02-11 14:56:58.276978
0,6765066,1,2022-12-30,2026-05-21,1,2022-12-31 01:42:35.907931,2023-09-04 05:41:08.638592
0,6769649,6,2021-09-02,2026-05-29,1,2022-12-26 03:31:30.063721,2023-03-19 22:53:11.984113
0,6778698,1,2021-02-23,2026-02-10,1,2023-04-23 16:32:42.687062,2023-08-19 08:08:45.016814
0,6790128,2,2021-03-05,2026-01-20,1,2023-05-06 05:20:17.947928,2023-08-22 05:26:28.577044
0,6791415,2,2021-03-26,2025-02-25,1,2022-11-03 19:38:06.890985,2022-12-10 03:36:16.667234
0,6793287,2,2022-01-17,2026-04-12,1,2022-02-26 12:03:40.390861,2022-03-28 08:30:10.680569
0,6807695,2,2022-09-22,2025-08-04,1,2024-01-11 23:39:49.808377,2024-01-23 07:19:32.645830
0,6812868,2,2021-10-10,2025-08-22,1,2023-06-12 17:38:42.714493,2023-12-09 09:15:27.880813
0,6813573,4,2022-01-01,2025-02-23,1,2022-09-25 01:07:08.124475,2023-02-14 02:32:56.696793
0,6820344,3,2022-03-10,2026-07-22,1,2022-03-05 20:55:16.494391,2023-02-14 21:01:07.278906
0,6822332,1,2022-07-17,2025-03-23,1,2021-03-07 13:06:44.759460,2022-06-01 07:46:44.467580
0,6826914,2,2023-01-04,2026-05-23,1,2021-09-07 05:45:40.472202,2022-10-11 13:06:43.111792
0,6838954,3,2021-09-01,2026-07-18,1,2022-11-22 10:30:05.991471,2023-01-15 23:05:29.622307
0,6840636,2,2022-05-17,2026-03-05,1,2022-03-23 09:59:57.801342,2023-08-09 05:57:29.036095
0,6854137,6,2022-06-20,2025-12-10,1,2022-06-21 15:16:32.164881,2023-11-30 22:05:56.053180
0,6858958,1,2022-10-04,2026-09-21,1,2023-11-02 07:19:08.136598,2023-11-10 02:19:45.277660
0,6867445,2,2021-12-18,2026-05-19,1,2022-03-12 06:49:04.271082,2023-01-22 11:59:19.359765
0,6871146,2,2022-02-21,2025-06-12,1,2021-11-20 22:26:17.344893,2023-11-06 05:47:36.823079
0,6887880,2,2021-03-26,2026-04-29,1,2023-12-14 16:40:34.317546,2024-02-09 08:14:09.779743
0,6889147,2,2022-09-24,2026-11-28,1,2021-12-28 17:00:35.730197,2022-09-06 12:31:18.684119
0,6896479,6,2021-08-13,2026-10-04,1,2023-10-12 20:13:42.728951,2023-11-25 01:27:01.984763
0,6899448,1,2022-07-15,2026-02-08,1,2023-02-15 10:36:42.046180,2023-04-03 16:49:12.310527
0,6929179,2,2022-01-17,2025-08-01,1,2022-10-24 08:22:07.758639,2023-02-13 08:08:55.388065
0,6929747,4,2021-04-13,2026-09-01,1,2023-08-25 11:04:13.156087,2023-12-15 06:55:21.906178
0,6945377,2,2021-11-20,2025-07-07,1,2022-10-05 11:51:52.516593,2023-03-11 08:47:15.787577
0,6949681,1,2021-07-23,2025-10-22,1,2022-04-15 10:50:17.783649,2022-07-01 11:29:52.594396
0,6981911,6,2021-06-17,2025-06-18,1,2023-02-20 05:47:05.495290,2023-04-20 09:55:45.014695
0,6986308,3,2022-04-20,2025-08-17,1,2021-03-05 01:18:49.439185,2022-06-06 13:23:07.622953
0,6991892,2,2022-10-17,2025-09-17,1,2022-08-15 04:40:12.368361,2023-06-04 18:13:31.388336
0,7013455,2,2021-12-15,2026-02-21,1,2022-12-16 00:22:19.242010,2023-04-07 16:08:09.589686
0,7035558,3,2021-04-09,2025-12-25,1,2022-08-14 05:10:45.744395,2023-10-01 15:39:19.078376
0,7036682,2,2021-09-13,2025-02-26,1,2024-01-02 05:25:33.273779,2024-02-09 20:50:24.198286
0,7048138,6,2022-08-07,2025-10-19,1,2021-03-21 15:11:43.788030,2021-04-01 17:30:54.402060
0,7053525,6,2021-11-06,2026-11-15,1,2022-10-04 05:21:05.138961,2023-03-11 06:49:34.526632
0,7065430,2,2022-01-09,2025-02-12,1,2022-11-01 21:49:33.147962,2023-08-26 21:58:06.739092
0,7070371,4,2022-11-04,2025-12-23,1,2021-08-10 14:42:47.645315,2023-11-22 15:24:53.671516
0,7072981,2,2021-12-13,2026-01-22,1,2022-09-09 11:36:07.070735,2024-02-01 20:58:08.511269
0,7078061,3,2021-05-21,2026-12-04,1,2023-03-30 20:24:27.759901,2023-08-18 01:35:25.476676
0,7104580,2,2022-07-09,2026-08-24,1,2022-03-20 16:27:58.461091,2022-12-20 18:02:06.387475
0,7112563,2,2021-04-13,2026-12-19,1,2023-10-15 04:36:34.392936,2024-01-03 09:17:40.523443
0,7113581,2,2021-05-16,2025-06-29,1,2021-11-29 10:23:04.076561,2022-09-01 15:35:53.458252
0,7127990,2,2022-10-14,2026-07-05,1,2022-07-22 00:08:33.004957,2023-11-08 18:31:12.761815
0,7142811,2,2022-09-24,2026-09-18,1,2021-12-03 19:29:35.356030,2022-12-21 12:04:59.902828
0,7149713,1,2022-03-02,2026-01-18,1,2021-04-14 10:49:03.207505,2023-03-01 19:36:49.418580
0,7160531,1,2021-04-15,2026-06-02,1,2021-07-07 18:31:24.226660,2023-06-25 08:16:36.367106
0,7168083,2,2021-08-20,2025-03-16,1,2022-07-29 20:44:06.060117,2022-09-21 08:05:10.651035
0,7169612,2,2023-01-11,2026-01-19,1,2021-05-29 01:47:07.109232,2022-07-27 11:08:51.712016
0,7172449,1,2022-11-11,2026-05-26,1,2023-03-26 10:05:34.622089,2023-10-01 20:19:48.722655
0,7186146,1,2021-09-19,2025-08-07,1,2021-04-21 02:04:07.079887,2021-05-19 10:14:44.844728
0,7186700,1,2021-06-04,2026-04-26,1,2022-09-11 10:37:23.497014,2022-09-16 01:05:45.175142
0,7207084,6,2021-12-01,2025-08-31,1,2022-08-15 02:35:24.791679,2022-08-17 06:52:12.036776
0,7214080,4,2022-11-26,2026-06-08,1,2023-10-22 04:21:30.520595,2024-02-01 03:48:07.433349
0,7224735,1,2022-11-03,2027-01-07,1,2022-02-18 10:58:19.652586,2022-05-15 10:29:47.334322
0,7227079,3,2021-11-10,2026-02-20,1,2022-04-15 02:56:08.264236,2022-10-18 12:22:14.900009
0,7240771,2,2022-12-22,2025-10-26,1,2022-04-04 21:45:07.445301,2023-08-14 13:06:18.892382
0,7267793,2,2021-07-16,2026-01-23,1,2024-02-05 10:18:38.917038,2024-02-11 18:27:48.145391
0,7270874,2,2022-05-07,2026-07-27,1,2023-08-21 01:16:23.639059,2023-10-19 16:21:05.001377
0,7304695,1,2021-07-09,2026-04-19,1,2021-12-23 01:25:57.914701,2022-04-20 12:33:05.660643
0,7304834,6,2022-05-31,2026-11-21,1,2021-09-03 07:02:32.626576,2023-07-02 22:34:57.521391
0,7315699,2,2023-01-21,2026-02-15,1,2022-05-08 07:16:13.563636,2022-05-17 19:05:40.325660
0,7318157,2,2021-05-06,2025-12-05,1,2023-05-30 20:23:28.919084,2023-06-19 03:37:41.937170
0,7321036,4,2021-09-30,2025-02-27,1,2021-10-02 14:24:38.391321,2022-07-02 13:50:58.360449
0,7338683,2,2021-12-08,2027-02-07,1,2023-08-03 21:41:26.548177,2023-10-02 02:01:30.596992
0,7341885,6,2022-10-29,2025-12-07,1,2023-10-29 00:04:47.818305,2023-11-18 10:38:30.890713
0,7351354,1,2022-02-22,2026-03-18,1,2022-11-30 16:23:03.116014,2023-12-03 04:56:51.313581
0,7365439,2,2023-01-05,2025-04-01,1,2022-04-13 17:12:04.530109,2024-01-29 11:58:16.298232
0,7373612,1,2021-05-09,2026-10-29,1,2023-03-25 00:22:14.448064,2023-10-07 06:39:22.047571
0,7385677,2,2022-11-08,2025-06-06,1,2021-05-20 06:56:33.360773,2022-04-09 15:55:53.878198
0,7396570,2,2021-05-09,2026-10-22,1,2022-12-03 16:02:49.112546,2023-11-08 05:38:59.989255
0,7413307,2,2021-12-22,2026-04-14,1,2022-07-07 11:45:35.313053,2023-01-26 12:11:52.232634
0,7417179,2,2022-06-20,2026-04-09,1,2022-11-13 10:25:47.032693,2023-11-14 20:01:17.227813
0,7418615,2,2021-08-15,2027-01-13,1,2021-09-06 07:51:21.163137,2022-05-12 02:10:21.737011
0,7428322,2,2021-11-07,2025-08-03,1,2022-07-03 12:21:51.086021,2023-11-21 10:27:28.708140
0,7463194,2,2021-04-28,2027-01-22,1,2023-09-05 12:11:34.393585,2023-11-30 06:19:02.473617
0,7471846,1,2022-06-11,2025-12-29,1,2021-08-06 11:54:19.182351,2022-06-03 18:33:32.875823
0,7474639,6,2022-05-08,2025-06-22,1,2023-09-21 01:48:51.569097,2023-12-12 01:47:23.657486
0,7476397,6,2022-07-09,2026-09-06,1,2022-06-10 11:40:45.415198,2024-02-10 17:04:32.388647
0,7485189,2,2022-10-31,2026-07-25,1,2021-03-03 11:10:52.516263,2021-05-18 15:37:09.067806
0,7488343,2,2021-07-07,2025-07-19,1,2022-06-01 15:32:08.234429,2023-09-04 23:56:19.668122
0,7492176,2,2022-09-29,2026-09-26,1,2022-11-26 10:25:38.090753,2023-01-26 12:42:26.244253
0,7527118,1,2021-08-27,2026-07-24,1,2021-06-09 12:39:12.760272,2023-11-11 14:15:05.078507
0,7530655,2,2021-05-16,2025-11-29,1,2022-10-04 08:21:19.212876,2023-08-06 17:34:32.668936
0,7530730,1,2021-08-02,2027-02-05,1,2022-06-01 17:56:39.224522,2022-08-20 03:34:43.452979
0,7531983,3,2022-10-20,2026-05-31,1,2023-07-15 14:59:03.740559,2023-12-07 09:38:35.666357
0,7570349,1,2021-11-26,2025-04-08,1,2022-04-21 09:47:01.213536,2023-12-11 07:30:34.143530
0,7587536,2,2022-02-13,2026-08-31,1,2022-07-08 13:53:53.922207,2023-09-18 08:19:50.250289
0,7589737,3,2021-05-23,2025-03-28,1,2021-11-24 10:04:50.915359,2022-05-04 09:27:51.373876
0,7602033,2,2022-04-21,2026-10-17,1,2022-12-24 16:46:26.141222,2023-03-25 23:02:03.498105
0,7607186,2,2022-09-23,2026-10-28,1,2023-04-15 10:47:18.986734,2023-11-06 05:41:47.280983
0,7608361,2,2022-01-29,2026-05-04,1,2021-08-16 20:20:41.473875,2022-12-26 03:57:59.427636
0,7609312,2,2022-10-02,2026-12-26,1,2021-05-17 22:49:06.524338,2021-12-02 03:00:53.531147
0,7617275,2,2021-12-10,2025-07-09,1,2023-07-14 20:10:34.518008,2023-09-11 19:02:24.360987
0,7618437,2,2022-11-17,2025-08-20,1,2021-09-24 16:31:44.932408,2023-03-23 11:07:49.136485
0,7623393,2,2021-09-07,2026-08-07,1,2023-01-10 15:00:47.914041,2023-12-13 23:34:59.438157
0,7632620,1,2022-01-02,2025-08-30,1,2023-07-26 15:17:31.798147,2023-11-16 17:05:06.555423
0,7635825,2,2022-03-05,2025-03-08,1,2023-04-02 13:42:44.323267,2023-08-11 01:51:42.304430
0,7635941,2,2021-10-29,2026-06-24,1,2022-01-08 22:43:33.468177,2023-12-23 06:26:27.811905
0,7661709,3,2021-03-26,2027-01-29,1,2022-05-17 20:30:46.025743,2022-10-11 14:31:19.131149
0,7692818,2,2021-10-09,2025-06-16,1,2021-02-16 22:59:06.487045,2021-12-28 22:09:33.619909
0,7696391,2,2021-08-03,2026-10-11,1,2022-07-23 07:45:50.836563,2023-08-28 14:34:08.107389
0,7703124,2,2022-12-10,2026-11-10,1,2023-06-27 12:25:23.282571,2023-07-01 03:11:28.847929
0,7708620,2,2022-07-27,2026-11-22,1,2023-11-09 12:49:28.150229,2023-12-11 17:01:38.154676
0,7713025,4,2022-09-03,2026-06-01,1,2024-02-01 23:41:16.619067,2024-02-07 09:21:55.681679
0,7721515,6,2022-09-30,2026-05-26,1,2022-12-20 07:56:17.006704,2023-03-12 01:17:19.124642
0,7722243,3,2023-01-31,2025-09-04,1,2022-08-29 00:35:15.985051,2023-07-13 10:24:03.649480
0,7727924,1,2023-01-28,2025-11-02,1,2022-02-23 11:03:30.920706,2023-08-21 08:35:25.682291
0,7731736,4,2021-11-07,2027-01-08,1,2021-09-28 01:19:12.208623,2023-01-23 23:54:04.342622
0,7754823,4,2021-08-23,2026-08-10,1,2023-04-20 16:42:06.205784,2023-06-02 17:10:56.526958
0,7761464,2,2021-06-16,2025-04-18,1,2023-08-14 21:02:48.089508,2023-11-12 16:32:40.192151
0,7771498,1,2022-08-12,2026-03-02,1,2022-04-29 05:46:07.815854,2022-09-27 02:05:42.918067
0,7773863,4,2022-04-25,2025-03-24,1,2023-01-07 03:49:19.950259,2023-03-19 08:05:58.285804
0,7788313,2,2021-12-31,2025-05-17,1,2022-01-04 19:57:52.477860,2023-08-14 02:16:02.191949
0,7795391,3,2022-09-23,2025-11-28,1,2022-01-19 09:21:33.538021,2023-07-06 13:25:03.546423
0,7799131,6,2022-06-12,2026-07-17,1,2022-03-21 20:20:20.472010,2023-06-21 11:30:32.832100
0,7802799,2,2022-05-27,2025-04-29,1,2021-06-10 16:30:37.137216,2023-05-26 07:49:54.444959
0,7815707,4,2021-10-16,2025-03-25,1,2022-09-26 22:59:33.080225,2023-10-04 06:03:38.323488
0,7852767,2,2022-11-29,2026-10-25,1,2022-12-04 16:35:09.206892,2023-02-18 02:40:45.709898
0,7859744,2,2021-03-10,2026-10-19,1,2022-10-03 10:10:43.294024,2023-07-23 21:36:50.514809
0,7876969,6,2021-06-24,2025-07-10,1,2022-05-09 18:09:08.344645,2022-10-17 14:44:54.106574
0,7889804,6,2021-11-20,2027-01-10,1,2021-11-22 04:27:00.933220,2023-05-11 06:55:28.240590
0,7896398,1,2022-05-24,2025-08-24,1,2023-04-29 23:24:41.939530,2023-05-31 02:36:10.630764
0,7905784,2,2022-07-17,2025-09-17,1,2022-06-28 14:53:08.456345,2022-10-22 01:17:12.360190
0,7934696,4,2021-04-28,2026-11-14,1,2023-03-24 07:01:21.161620,2023-05-14 15:28:26.292015
0,7935744,1,2021-05-29,2025-12-11,1,2021-10-24 05:00:32.555694,2023-04-05 04:28:30.701174
0,7941116,2,2021-11-06,2025-08-07,1,2021-06-09 04:59:20.535862,2023-06-29 07:07:34.373023
0,7952730,2,2021-09-05,2025-12-10,1,2022-07-26 20:44:18.835191,2023-06-07 23:30:05.152421
0,7965206,2,2021-10-30,2025-12-16,1,2022-10-03 17:52:48.823539,2023-03-13 17:36:36.728985
0,7967010,6,2022-11-21,2025-12-30,1,2023-04-30 07:12:30.674507,2023-07-13 05:43:06.589771
0,7983223,2,2022-12-10,2025-09-02,1,2022-07-10 18:55:48.264593,2023-10-06 14:54:54.763631
0,7996138,2,2023-01-23,2025-05-03,1,2023-06-03 00:58:16.091784,2023-10-07 23:25:59.502882
0,8025618,2,2022-10-19,2026-07-04,1,2022-07-14 23:01:45.092266,2023-01-26 07:35:35.468657
0,8043236,2,2022-06-09,2025-05-17,1,2022-12-22 19:19:28.114012,2023-08-14 21:42:17.275949
0,8046707,2,2022-02-04,2025-11-07,1,2023-08-06 02:08:13.894603,2024-01-28 04:35:23.809799
0,8059289,2,2022-11-24,2025-08-13,1,2022-09-17 06:06:23.871017,2022-11-12 10:26:05.319234
0,8078240,6,2022-02-11,2026-06-20,1,2024-02-11 18:39:21.724983,2024-02-12 01:12:57.593915
0,8082782,4,2021-09-07,2025-08-29,1,2021-05-15 19:55:31.537929,2021-06-20 08:51:38.096338
0,8084171,2,2022-11-22,2025-08-06,1,2023-03-04 12:29:05.826399,2023-06-19 17:26:56.541879
0,8095754,2,2021-10-01,2025-10-10,1,2021-06-17 08:44:44.590641,2023-07-28 12:12:44.287454
0,8107694,6,2021-05-06,2025-12-08,1,2021-09-11 17:23:03.757772,2023-05-13 10:55:48.408772
0,8111003,2,2021-08-06,2025-12-10,1,2022-09-21 21:33:46.066741,2024-02-13 09:16:31.728607
0,8121666,2,2022-08-06,2025-02-27,1,2022-02-24 00:56:50.088959,2022-07-21 12:14:26.071320
0,8133077,2,2021-05-24,2025-07-13,1,2021-11-19 06:39:02.636697,2022-08-28 08:25:32.129958
0,8143447,3,2022-05-10,2026-01-19,1,2023-01-01 08:37:17.619436,2023-12-21 01:35:47.523456
0,8153810,2,2022-06-11,2026-12-22,1,2023-04-11 03:56:28.607535,2024-02-02 22:42:27.950973
0,8157176,3,2022-10-05,2025-02-26,1,2021-11-11 05:42:38.830447,2022-05-11 02:31:13.854246
0,8169530,2,2022-03-07,2025-06-12,1,2023-02-28 21:20:11.938209,2023-07-05 23:52:00.009886
0,8170543,1,2021-07-03,2026-05-28,1,2024-02-10 00:21:52.626853,2024-02-12 10:57:13.894344
0,8175392,4,2022-02-05,2026-10-20,1,2023-07-28 07:50:54.675549,2023-12-11 07:52:02.849274
0,8184001,3,2022-03-03,2025-07-06,1,2022-09-12 11:30:03.583428,2024-01-26 03:51:12.790242
0,8185724,2,2021-02-24,2026-02-17,1,2021-06-19 16:45:17.582228,2022-10-27 06:01:47.424627
0,8196904,2,2021-04-12,2025-08-22,1,2021-10-15 17:14:00.329959,2023-06-02 03:46:43.349059
0,8201028,2,2021-10-22,2025-07-13,1,2023-05-30 01:59:36.720112,2023-11-16 00:16:06.323570
0,8217311,3,2021-06-11,2025-12-26,1,2021-09-15 08:11:50.539108,2023-12-11 18:26:04.721785
0,8221404,2,2023-02-09,2026-10-04,1,2022-03-01 15:31:38.371192,2023-08-27 18:54:25.786918
0,8241067,6,2022-11-05,2026-07-17,1,2021-11-27 08:55:41.978310,2023-07-25 02:28:48.378767
0,8246213,2,2022-12-05,2025-06-02,1,2022-01-23 17:56:15.983163,2023-07-05 10:08:49.948554
0,8252431,1,2021-05-31,2025-07-11,1,2022-05-30 11:50:24.567938,2022-06-26 01:28:32.197249
0,8267530,4,2023-02-04,2027-02-09,1,2021-11-02 15:41:21.467097,2024-01-04 08:26:13.021319
0,8275064,2,2021-11-16,2027-01-15,1,2022-02-04 06:35:34.415148,2022-12-18 05:22:56.790660
0,8282424,3,2021-03-08,2027-01-25,1,2021-04-23 06:15:52.233307,2023-08-11 04:49:51.198500
0,8291484,2,2022-06-05,2026-12-31,1,2023-11-18 23:44:07.922854,2024-01-16 18:18:10.538185
0,8293540,1,2022-09-25,2026-02-13,1,2021-06-03 01:49:31.766518,2022-04-17 11:51:01.760907
0,8311310,2,2023-01-15,2026-04-12,1,2024-01-03 14:15:19.340361,2024-01-04 09:04:24.198487
0,8317826,2,2022-10-16,2026-07-27,1,2022-10-06 02:54:45.763951,2023-12-12 13:25:54.282414
0,8334376,1,2023-01-26,2025-08-02,1,2023-07-19 13:52:16.815040,2024-01-21 20:29:01.225337
0,8335784,2,2022-10-24,2026-05-24,1,2021-07-30 20:20:04.170619,2021-12-23 10:35:50.383341
0,8335945,2,2022-05-06,2025-07-20,1,2021-07-05 16:52:14.439250,2021-12-27 18:00:02.845512
0,8350243,2,2022-02-24,2025-08-24,1,2023-07-18 06:02:28.095032,2023-09-02 00:24:35.237106
0,8353919,2,2021-10-15,2025-09-15,1,2022-12-31 18:02:38.349421,2023-12-05 16:13:29.370162
0,8363297,6,2021-09-23,2026-01-13,1,2022-06-28 16:59:29.958420,2022-07-08 15:56:20.917776
0,8374979,3,2022-06-01,2025-09-24,1,2022-03-06 12:16:09.936710,2023-02-19 04:50:15.384179
0,8376599,6,2022-08-07,2027-01-30,1,2021-10-08 07:25:42.191214,2023-04-04 15:06:09.535187
0,8387128,1,2022-09-03,2027-01-01,1,2023-08-01 02:21:29.324128,2023-12-06 14:52:07.786865
0,8387703,1,2023-01-25,2026-04-24,1,2021-05-08 04:09:19.078268,2022-07-02 08:10:45.601753
0,8394026,2,2021-04-18,2025-02-22,1,2022-04-05 12:39:33.010511,2023-02-09 12:28:47.287292
0,8410005,1,2021-07-01,2025-12-31,1,2021-07-25 10:48:43.156974,2023-06-03 12:20:38.676712
0,8410534,1,2022-12-03,2025-06-22,1,2023-12-03 15:48:49.680434,2024-01-02 08:32:47.992608
0,8423458,2,2021-07-30,2025-05-13,1,2023-06-16 14:29:05.746181,2024-01-27 16:29:08.639479
0,8431608,1,2022-12-31,2025-11-01,1,2022-05-22 20:44:46.245698,2023-04-09 17:35:51.549995
0,8447633,2,2021-11-11,2025-10-15,1,2022-02-25 15:07:41.796219,2023-02-27 16:56:37.753384
0,8460044,4,2021-04-27,2025-09-22,1,2022-10-02 00:22:49.791611,2023-04-09 18:22:45.593232
0,8470886,2,2022-03-12,2026-12-06,1,2023-08-31 14:00:14.692092,2023-11-21 01:07:36.464856
0,8470984,2,2021-07-02,2026-10-29,1,2023-08-02 05:14:22.961590,2024-01-20 06:51:51.051791
0,8478937,2,2021-03-19,2026-09-04,1,2023-12-18 08:21:55.070379,2024-01-21 07:45:38.449083
0,8501894,2,2021-07-24,2026-09-20,1,2023-11-03 23:07:18.783780,2023-12-07 01:11:46.829103
0,8510307,6,2021-05-05,2025-10-16,1,2024-01-27 17:48:04.079204,2024-02-02 01:06:31.879154
0,8514230,2,2022-04-26,2025-11-28,1,2023-03-22 10:46:07.906873,2023-05-29 17:25:57.405454
0,8526256,2,2022-05-29,2026-08-22,1,2023-04-26 06:01:29.394541,2023-07-03 22:49:00.927165
0,8526933,3,2022-01-05,2026-06-20,1,2022-06-28 10:28:25.673339,2022-09-03 02:01:53.010001
0,8546693,6,2021-07-06,2025-04-16,1,2022-08-23 15:26:04.600880,2023-11-29 06:53:03.360060
0,8555663,1,2021-05-08,2025-05-01,1,2022-04-09 23:05:34.617060,2023-11-12 19:26:58.831263
0,8560303,2,2022-11-24,2026-07-24,1,2022-01-16 05:06:29.179541,2024-01-25 04:48:46.199820
0,8566672,2,2021-07-16,2025-09-22,1,2022-06-12 07:43:08.295849,2022-09-14 12:30:20.085458
0,8572386,2,2021-07-26,2025-07-19,1,2022-05-29 21:12:23.513440,2024-02-02 22:26:19.552849
0,8580995,2,2022-02-20,2026-03-19,1,2022-07-16 13:27:03.712054,2023-08-11 12:00:20.592123
0,8600896,1,2021-11-24,2025-04-02,1,2023-06-26 16:46:25.337885,2023-08-20 06:29:52.922182
0,8606158,3,2021-08-24,2027-01-04,1,2023-12-01 00:12:22.234829,2023-12-27 16:21:14.080618
0,8624467,4,2023-02-03,2026-04-13,1,2021-07-12 15:12:34.079189,2021-12-11 18:21:43.252875
0,8631956,2,2021-09-23,2025-05-02,1,2023-12-28 18:56:31.229727,2024-01-14 03:02:39.620805
0,8641847,6,2022-03-25,2025-09-29,1,2023-11-12 13:45:31.309049,2023-12-07 18:30:18.057847
0,8653198,1,2021-06-12,2026-06-27,1,2021-11-18 22:14:23.240331,2023-01-28 19:59:18.972467
0,8666063,2,2023-01-28,2026-12-03,1,2023-12-25 15:02:39.642816,2024-01-07 07:24:52.578162
0,8667148,2,2022-08-15,2026-06-27,1,2022-10-25 09:28:37.433419,2023-02-18 00:53:38.402483
0,8669107,2,2022-07-04,2026-05-31,1,2022-02-16 23:22:52.826247,2023-06-04 07:40:24.987318
0,8705935,2,2021-06-26,2026-03-31,1,2021-08-31 10:06:09.228837,2021-09-13 16:02:08.206207
0,8727345,2,2021-08-30,2026-04-13,1,2021-09-15 12:18:31.785325,2023-07-05 17:27:53.815448
0,8738871,4,2021-06-20,2025-11-25,1,2023-11-27 02:38:48.569183,2024-02-04 02:11:32.651570
0,8744136,4,2023-01-13,2025-12-17,1,2023-07-29 00:22:22.851988,2023-10-28 08:23:03.408692
0,8755065,2,2021-02-19,2026-04-17,1,2023-08-05 19:00:06.254025,2024-01-05 12:22:52.672540
0,8760942,6,2021-04-21,2025-02-20,1,2023-01-11 05:35:29.043298,2024-01-29 12:14:04.612245
0,8778648,3,2021-04-27,2025-03-11,1,2021-07-06 11:56:39.717138,2023-08-24 00:18:41.081374
0,8786271,3,2022-08-15,2025-03-14,1,2023-11-10 05:16:25.306241,2024-02-07 12:57:02.302845
0,8789905,3,2021-02-13,2026-08-29,1,2021-05-07 12:50:08.874108,2022-07-14 18:14:36.642677
0,8799495,1,2021-07-25,2026-10-21,1,2023-09-03 09:20:12.053479,2023-12-09 06:08:12.322601
0,8810010,2,2022-11-09,2025-12-24,1,2024-01-03 19:38:41.617616,2024-01-06 20:07:29.832273
0,8838089,2,2021-05-18,2025-03-04,1,2022-12-19 03:25:43.116796,2023-02-05 08:42:25.734244
0,8843923,3,2022-03-14,2025-07-20,1,2021-09-04 21:34:45.838701,2022-01-25 01:16:04.376333
0,8852934,2,2022-12-04,2026-10-19,1,2023-06-09 07:03:44.339013,2023-08-01 08:11:20.492895
0,8856450,3,2021-09-03,2026-03-07,1,2022-10-01 09:38:10.459602,2023-01-20 22:47:01.804637
0,8862165,2,2021-05-11,2026-07-10,1,2023-05-01 11:33:41.122313,2023-12-20 03:00:57.997387
0,8863720,6,2022-12-05,2025-12-08,1,2023-03-28 01:33:07.357934,2023-06-22 20:41:30.531670
0,8888533,6,2022-07-22,2026-01-03,1,2023-03-30 18:49:50.889254,2024-01-21 00:55:50.787477
0,8892874,2,2022-11-05,2026-11-12,1,2023-03-07 21:49:32.858310,2023-07-30 04:57:09.617070
0,8908763,3,2023-01-11,2025-09-17,1,2021-09-27 23:23:53.992846,2022-01-24 11:18:13.758768
0,8948555,2,2022-11-21,2026-03-09,1,2021-04-13 02:47:39.157700,2023-03-26 15:01:07.321800
0,8953515,2,2021-10-07,2026-09-29,1,2021-04-27 23:51:07.528517,2023-09-29 10:14:49.916019
0,8959903,6,2022-06-29,2026-04-04,1,2023-01-23 03:23:02.971524,2023-04-20 05:23:02.995743
0,8979530,6,2022-08-28,2026-05-07,1,2021-05-21 12:48:50.968330,2022-09-19 06:48:50.424515
0,8997785,2,2022-09-13,2025-08-14,1,2022-12-26 23:48:36.325218,2023-02-14 02:42:55.081594
0,9000844,2,2021-11-05,2025-12-17,1,2022-12-14 12:53:00.671164,2023-08-25 16:30:59.939162
0,9003903,3,2022-09-19,2026-05-15,1,2021-06-17 16:38:06.426585,2022-02-03 18:05:33.809193
0,9004975,2,2023-01-23,2026-10-08,1,2021-11-02 22:06:02.468122,2024-01-29 14:33:29.737964
0,9006839,1,2023-02-06,2025-06-01,1,2021-04-03 06:42:34.685570,2023-10-31 22:07:15.759059
0,9063973,6,2021-04-20,2025-05-02,1,2021-06-14 22:43:11.810780,2023-12-27 02:26:29.553936
0,9093081,6,2022-04-03,2025-07-05,1,2021-03-02 17:42:54.391241,2024-02-11 23:08:58.390525
0,9096110,2,2021-11-30,2026-10-26,1,2022-08-19 12:05:32.508978,2022-12-11 04:25:04.535442
0,9097841,2,2022-11-05,2025-08-27,1,2023-02-27 09:36:19.501036,2023-09-27 23:22:27.358074
0,9102498,1,2022-12-16,2025-11-06,1,2021-10-09 06:59:04.902682,2023-04-30 05:09:59.384262
0,9104751,2,2022-04-25,2025-05-02,1,2022-11-01 22:21:58.510771,2023-12-23 20:56:31.148610
0,9110409,2,2022-08-11,2026-06-09,1,2021-10-07 04:49:00.224295,2023-01-13 06:00:31.487334
0,9110982,6,2022-05-25,2026-08-30,1,2021-03-11 08:19:54.310576,2021-11-30 05:29:38.030864
0,9115374,2,2021-08-21,2026-05-10,1,2021-09-30 01:10:35.609081,2022-03-07 05:02:26.251935
0,9124753,1,2021-11-10,2026-11-13,1,2023-05-30 23:53:31.032873,2023-09-28 00:32:19.874671
0,9125556,6,2022-06-01,2025-05-10,1,2023-05-14 03:21:43.934535,2023-11-26 12:09:45.701085
0,9130151,2,2021-06-16,2025-10-02,1,2023-12-22 09:48:27.248658,2023-12-30 21:18:41.648184
0,9141368,2,2021-12-26,2025-10-13,1,2021-10-09 15:00:19.582841,2023-03-08 14:18:41.234787
0,9145593,6,2022-09-12,2026-04-10,1,2022-03-21 02:50:31.888483,2022-12-31 23:14:58.935889
0,9175009,2,2021-10-05,2025-05-14,1,2023-03-25 18:04:06.097222,2023-07-07 16:05:18.027324
0,9175540,6,2021-06-03,2026-12-26,1,2022-07-23 02:01:49.143989,2022-12-29 10:40:16.898644
0,9176225,2,2021-10-06,2025-10-15,1,2023-11-06 10:18:12.360237,2023-11-14 02:25:37.955121
0,9183368,2,2022-01-14,2026-01-17,1,2022-11-17 03:53:39.084560,2023-06-07 13:06:35.199683
0,9196244,4,2022-09-14,2025-07-09,1,2022-12-31 07:07:52.155698,2023-02-26 15:12:08.191244
0,9217238,6,2021-06-13,2026-09-09,1,2022-12-23 06:52:47.549057,2023-12-24 10:03:41.910387
0,9226122,2,2021-03-07,2025-05-02,1,2021-02-20 04:03:51.598977,2022-07-17 08:07:23.145440
0,9242088,2,2021-09-09,2025-04-27,1,2021-09-07 14:22:01.152338,2022-12-05 05:29:49.925966
0,9251110,4,2022-06-08,2026-07-13,1,2023-07-06 05:58:01.309670,2023-10-10 05:43:44.882214
0,9252880,2,2022-02-02,2026-10-02,1,2023-12-29 12:59:38.404307,2024-01-07 22:49:49.839026
0,9254254,2,2021-11-05,2026-04-29,1,2023-03-25 18:34:19.611328,2024-01-26 01:03:55.926909
0,9257858,2,2022-11-27,2026-06-21,1,2023-12-20 10:31:28.815333,2024-02-03 09:55:39.722932
0,9280494,2,2021-07-24,2026-08-02,1,2022-11-24 17:11:43.789702,2023-07-29 13:06:14.510324
0,9286726,1,2022-07-06,2026-12-05,1,2022-04-02 09:24:24.741464,2023-05-15 11:07:13.267617
0,9306538,6,2022-08-15,2025-04-19,1,2023-08-05 01:22:47.349009,2023-12-26 15:09:02.868425
0,9309445,3,2022-04-07,2026-06-17,1,2021-12-18 23:57:28.685965,2022-05-06 18:17:15.202485
0,9313780,1,2023-01-20,2026-07-03,1,2021-07-28 01:47:42.850683,2023-02-17 15:58:52.348685
0,9334173,6,2021-08-09,2026-07-06,1,2022-01-11 08:03:17.848710,2023-01-02 03:30:34.308517
0,9338744,6,2022-05-02,2026-01-11,1,2023-09-01 01:01:03.133619,2024-02-11 06:42:01.633663
0,9349537,6,2021-08-19,2026-09-23,1,2021-06-21 06:43:58.307947,2022-01-29 00:55:49.566327
0,9358402,2,2022-09-17,2026-12-09,1,2023-01-26 21:29:18.792966,2023-05-13 15:45:57.322160
0,9374512,6,2022-12-15,2026-11-22,1,2024-01-24 05:56:41.657934,2024-02-07 10:06:12.141962
0,9378623,2,2021-08-03,2025-10-08,1,2021-03-21 20:23:09.036482,2021-06-18 21:28:28.581748
0,9379563,6,2022-02-09,2026-11-23,1,2023-12-20 04:07:40.506597,2024-01-10 17:31:38.591650
0,9382036,6,2021-10-12,2027-01-08,1,2023-03-08 00:53:28.669136,2023-04-26 11:15:41.490573
0,9387912,2,2022-06-13,2026-12-24,1,2023-07-17 20:48:58.346679,2023-11-09 23:34:45.808980
0,9407782,3,2022-01-22,2025-09-09,1,2023-09-29 04:18:40.011685,2024-01-08 00:45:43.075111
0,9417545,1,2022-11-02,2026-12-11,1,2021-08-05 21:56:23.454555,2023-05-03 09:36:51.707405
0,9432083,2,2022-02-21,2025-05-03,1,2021-02-17 19:24:12.294594,2023-02-09 15:21:06.980885
0,9444191,3,2021-11-22,2025-11-17,1,2024-01-18 18:28:47.926424,2024-02-03 20:30:55.019189
0,9458399,2,2022-12-27,2025-08-22,1,2021-03-29 13:15:26.966898,2022-11-05 08:42:04.645934
0,9485826,1,2022-04-21,2027-02-10,1,2022-01-10 18:37:58.305981,2023-12-29 01:45:33.227400
0,9509361,2,2021-07-02,2026-12-04,1,2023-10-17 17:51:25.956420,2023-11-05 18:10:49.946549
0,9549219,2,2022-06-21,2026-03-03,1,2023-03-15 16:49:20.966323,2024-02-11 21:14:58.830824
0,9558557,2,2021-02-21,2026-06-05,1,2023-06-13 13:59:16.531818,2023-10-18 22:11:30.485796
0,9563901,2,2022-02-10,2026-03-28,1,2023-06-05 09:58:29.836338,2023-09-11 20:40:29.470927
0,9571554,2,2021-06-10,2026-10-14,1,2022-03-13 09:26:20.097108,2022-10-23 14:33:04.167629
0,9588444,6,2021-11-15,2026-10-16,1,2023-01-05 13:31:10.983769,2023-09-05 02:39:24.573921
0,9598525,2,2022-10-06,2025-12-13,1,2022-06-24 13:46:37.327752,2023-06-03 18:31:00.751859
0,9602922,6,2021-05-18,2025-06-22,1,2023-09-13 02:43:22.081644,2023-12-03 20:36:06.774518
0,9610045,2,2022-06-19,2025-08-06,1,2023-07-20 15:57:17.556401,2024-01-15 17:30:24.599739
0,9640170,2,2022-09-29,2026-12-19,1,2023-09-01 04:33:24.327459,2024-01-01 08:02:31.655267
0,9648518,3,2021-07-06,2025-08-14,1,2021-03-05 07:29:12.585947,2021-06-16 04:44:30.093556
0,9665809,2,2022-08-29,2025-10-02,1,2021-03-14 17:05:40.611352,2021-11-03 20:29:51.921708
0,9671393,1,2022-04-06,2025-05-26,1,2023-01-29 17:49:09.840408,2023-09-01 14:29:14.420437
0,9673327,2,2022-06-18,2026-08-14,1,2021-10-25 01:00:00.494418,2021-11-15 17:22:28.511260
0,9679727,2,2022-11-14,2026-12-04,1,2023-12-30 22:51:01.070678,2024-01-20 03:41:56.190658
0,9682076,1,2021-04-10,2025-12-23,1,2021-08-29 22:13:29.398039,2022-12-04 05:57:38.035850
0,9682988,1,2022-04-08,2025-04-23,1,2022-05-09 17:07:23.225420,2022-08-13 00:59:24.182494
0,9686418,2,2021-03-04,2027-01-17,1,2022-11-10 23:57:26.127667,2023-11-26 02:29:40.900772
0,9686430,2,2021-07-12,2025-11-04,1,2021-12-08 18:43:09.683850,2023-12-26 14:11:52.125570
0,9695302,1,2021-11-03,2026-11-07,1,2021-03-14 16:51:17.668900,2022-05-30 02:27:28.124767
0,9743452,3,2021-05-21,2025-05-24,1,2022-09-28 10:24:26.776294,2023-12-28 02:05:51.627561
0,9746270,1,2021-11-12,2025-10-04,1,2022-09-30 10:16:34.511923,2023-10-30 00:23:46.310334
0,9756797,6,2022-03-15,2025-10-02,1,2021-12-01 08:23:22.481810,2022-06-09 15:01:13.444467
0,9772425,6,2021-09-26,2025-06-27,1,2023-11-01 05:39:40.759383,2024-01-19 12:55:17.653699
0,9792314,1,2021-08-23,2026-03-20,1,2023-05-02 14:44:00.529919,2023-06-02 07:52:24.774001
0,9810435,1,2021-04-07,2025-08-13,1,2023-11-16 23:08:33.951356,2024-01-22 02:28:20.721445
0,9823169,2,2022-12-27,2026-01-17,1,2022-07-24 15:49:21.121395,2023-11-30 09:03:56.418250
0,9823838,6,2022-07-04,2026-09-08,1,2021-03-14 18:16:31.691829,2023-07-17 12:05:18.090602
0,9831044,2,2021-08-06,2026-04-10,1,2023-12-02 12:22:03.029056,2024-01-24 21:20:27.354124
0,9833658,2,2021-07-31,2026-01-12,1,2021-04-02 01:36:44.643983,2023-02-17 13:22:30.919014
0,9856989,3,2022-01-27,2026-08-30,1,2021-09-23 16:43:20.076190,2023-02-11 02:59:12.658442
0,9858919,2,2022-04-07,2026-01-25,1,2022-02-13 15:04:57.698240,2022-11-01 19:27:47.958300
0,9867275,1,2021-06-30,2025-07-28,1,2022-07-05 02:12:14.424021,2024-01-14 15:00:45.099407
0,9889824,2,2021-12-07,2025-11-14,1,2021-05-21 12:48:10.108320,2023-11-03 12:54:54.907584
0,9902849,2,2021-12-14,2025-10-18,1,2024-01-24 23:40:16.935787,2024-01-26 22:54:35.772761
0,9925582,2,2022-04-27,2026-02-17,1,2022-01-11 00:02:55.432686,2022-10-16 21:06:28.681678
0,9941145,6,2021-04-24,2025-04-17,1,2023-05-26 14:31:55.649326,2023-10-06 03:03:22.527252
0,9942078,2,2021-02-19,2025-03-13,1,2022-09-27 08:04:20.556605,2023-03-02 17:03:24.008514
0,9957971,2,2022-02-16,2026-09-28,1,2022-04-01 01:49:03.382802,2022-04-25 21:44:30.483900
0,9960640,2,2022-01-03,2026-04-05,1,2022-12-07 04:46:09.995930,2023-05-20 13:05:19.099837
0,9962220,6,2021-10-05,2025-06-18,1,2022-08-02 07:31:24.001646,2023-07-11 13:06:16.836497
0,9971746,2,2021-03-08,2026-02-09,1,2022-10-26 13:08:33.665100,2023-10-02 13:38:33.433127
